solar_rad,slp,datetime,ts,dewpt,uv,wind_dir,ghi,dhi,precip,pop,ozone,app_temp,clouds_low,clouds_mid,snow_depth,wind_gust_spd,dni,timestamp_utc,timestamp_local,wind_cdir,rh,pod,pres,snow,temp,clouds,vis,clouds_hi,wind_spd,wind_cdir_full,description,code,icon,city,country,lon,lat
0,1002,2024-06-14:18,1718388000,78.6,0,233,0,0,0,0,289.5,102.9,59,0,0,12.3,0,2024-06-14T18:00:00,2024-06-14T23:00:00,SW,73,n,1001.5,0,88.3,54,14.9,0,10.4,southwest,Few clouds,801,c02n,Karachi,Pakistan,67.0011,24.8607
0,1000.5,2024-06-14:21,1718398800,79.1,0,241,0,0,0,15,286,102.6,80,0,0,12.7,0,2024-06-14T21:00:00,2024-06-15T02:00:00,WSW,76,n,1000.5,0,87.6,53,14.9,0,8.1,west-southwest,Few clouds,801,c02n,Karachi,Pakistan,67.0011,24.8607
0,1000.5,2024-06-15:00,1718409600,79.2,0,236,0,0,0.001,15,288.5,101.5,62,0,0,14.2,0,2024-06-15T00:00:00,2024-06-15T05:00:00,SW,78,n,1000.5,0,86.9,57,14.9,0,8.1,southwest,Scattered clouds,802,c02n,Karachi,Pakistan,67.0011,24.8607
398.55627,1002.5,2024-06-15:03,1718420400,79.2,2.8,237,436.35,88.85,0,0,288.8,104.1,68,0,0,14.1,742.95,2024-06-15T03:00:00,2024-06-15T08:00:00,WSW,74,d,1002.5,0,88.5,57,14.9,0,6.9,west-southwest,Scattered clouds,802,c02d,Karachi,Pakistan,67.0011,24.8607
886.5209,1002,2024-06-15:06,1718431200,77.9,9.8,236,968.79,122.16,0,0,286.5,109.2,47,0,0,15,917.15,2024-06-15T06:00:00,2024-06-15T11:00:00,SW,61,d,1002,0,93.4,58,14.9,0,9.2,southwest,Scattered clouds,802,c02d,Karachi,Pakistan,67.0011,24.8607
896.0001,1000.5,2024-06-15:09,1718442000,78.3,10,230,978.15,122.61,0,0,284.8,113.6,45,0,0,14.7,919.16,2024-06-15T09:00:00,2024-06-15T14:00:00,SW,57,d,1000.5,0,96.1,53,14.9,0,11.5,southwest,Few clouds,801,c02d,Karachi,Pakistan,67.0011,24.8607
418.59903,1000,2024-06-15:12,1718452800,79.1,2.9,230,457.23,90.58,0,0,283.3,111.3,39,0,0,15.9,753.49,2024-06-15T12:00:00,2024-06-15T17:00:00,SW,63,d,1000,0,93.6,48,14.9,0,12.7,southwest,Few clouds,801,c02d,Karachi,Pakistan,67.0011,24.8607
0,1001,2024-06-15:15,1718463600,79,0,232,0,0,0,15,280.5,105,54,0,0,11.7,0,2024-06-15T15:00:00,2024-06-15T20:00:00,SW,72,n,1001,0,89.2,55,14.9,0,9.2,southwest,Few clouds,801,c02n,Karachi,Pakistan,67.0011,24.8607
0,1002,2024-06-15:18,1718474400,79.4,0,233,0,0,0,0,285,104.2,46,0,0,10.1,0,2024-06-15T18:00:00,2024-06-15T23:00:00,SW,75,n,1002,0,88.3,52,14.9,0,9.2,southwest,Few clouds,801,c02n,Karachi,Pakistan,67.0011,24.8607
0,1001,2024-06-15:21,1718485200,79.3,0,245,0,0,0.001,15,282.5,102.6,69,0,0,12.6,0,2024-06-15T21:00:00,2024-06-16T02:00:00,WSW,77,n,1001,0,87.4,50,14.9,0,6.9,west-southwest,Few clouds,801,c02n,Karachi,Pakistan,67.0011,24.8607
0,1002,2024-06-16:00,1718496000,79.4,0,242,0,0,0.001,15,284.8,102.1,55,0,0,10,0,2024-06-16T00:00:00,2024-06-16T05:00:00,WSW,78,n,1001.5,0,87.1,46,14.9,0,6.9,west-southwest,Few clouds,801,c02n,Karachi,Pakistan,67.0011,24.8607
303.6186,1003,2024-06-16:03,1718506800,79.1,1.5,252,435.65,88.79,0,0,286.8,104.5,80,0,0,12.3,742.51,2024-06-16T03:00:00,2024-06-16T08:00:00,WSW,73,d,1003,0,88.9,49,14.9,0,8.1,west-southwest,Few clouds,801,c02d,Karachi,Pakistan,67.0011,24.8607
886.73627,1003,2024-06-16:06,1718517600,78.1,9.8,246,968.29,122.12,0,0,286,110.5,58,0,0,13.8,916.93,2024-06-16T06:00:00,2024-06-16T11:00:00,WSW,60,d,1003,0,94.1,54,14.9,0,10.4,west-southwest,Few clouds,801,c02d,Karachi,Pakistan,67.0011,24.8607
896.0877,1001.5,2024-06-16:09,1718528400,79,10,235,978.37,122.61,0,0,283.5,115.8,27,0,0,15.5,919.08,2024-06-16T09:00:00,2024-06-16T14:00:00,SW,57,d,1001.5,0,96.8,42,14.9,0,12.7,southwest,Few clouds,801,c02d,Karachi,Pakistan,67.0011,24.8607
419.22058,1000.5,2024-06-16:12,1718539200,78.4,3,233,458.11,90.65,0,0,280.3,111.5,38,0,0,14.2,753.84,2024-06-16T12:00:00,2024-06-16T17:00:00,SW,60,d,1000.5,0,94.5,41,14.9,0,12.7,southwest,Few clouds,801,c02d,Karachi,Pakistan,67.0011,24.8607
0,1001.5,2024-06-16:15,1718550000,79,0,234,0,0,0,0,279.3,105,48,0,0,14.6,0,2024-06-16T15:00:00,2024-06-16T20:00:00,SW,72,n,1001.5,0,89.2,54,14.9,0,9.2,southwest,Few clouds,801,c02n,Karachi,Pakistan,67.0011,24.8607
0,1002.5,2024-06-16:18,1718560800,79.6,0,233,0,0,0,0,279.3,104.2,42,0,0,13.7,0,2024-06-16T18:00:00,2024-06-16T23:00:00,SW,76,n,1002.5,0,88.2,52,14.9,0,9.2,southwest,Few clouds,801,c02n,Karachi,Pakistan,67.0011,24.8607
0,1002,2024-06-16:21,1718571600,79.5,0,235,0,0,0.002,15,280.3,103.2,47,32,0,13.6,0,2024-06-16T21:00:00,2024-06-17T02:00:00,SW,77,n,1002,0,87.6,53,14.9,0,9.2,southwest,Few clouds,801,c02n,Karachi,Pakistan,67.0011,24.8607
0,1002,2024-06-17:00,1718582400,79.5,0,236,0,0,0,0,280.5,102.6,40,0,0,13.2,0,2024-06-17T00:00:00,2024-06-17T05:00:00,SW,78,n,1002,0,87.3,51,14.9,0,8.1,southwest,Few clouds,801,c02n,Karachi,Pakistan,67.0011,24.8607
399.82104,1003,2024-06-17:03,1718593200,79.4,2.8,238,434.92,88.72,0,0,278.5,105.6,53,0,0,13.7,742.04,2024-06-17T03:00:00,2024-06-17T08:00:00,WSW,73,d,1003,0,89.2,55,14.9,0,8.1,west-southwest,Few clouds,801,c02d,Karachi,Pakistan,67.0011,24.8607
890.68353,1003.5,2024-06-17:06,1718604000,78.4,9.8,231,967.8,122.09,0,0,277.5,111.5,38,0,0,15.2,916.71,2024-06-17T06:00:00,2024-06-17T11:00:00,SW,60,d,1003,0,94.5,52,14.9,0,10.4,southwest,Few clouds,801,c02d,Karachi,Pakistan,67.0011,24.8607
900.5279,1002,2024-06-17:09,1718614800,78.8,10,228,978.59,122.61,0,0,278,115.9,43,0,0,16.2,919.01,2024-06-17T09:00:00,2024-06-17T14:00:00,SW,56,d,1002,0,97.2,49,14.9,0,12.7,southwest,Few clouds,801,c02d,Karachi,Pakistan,67.0011,24.8607
317.25876,1001,2024-06-17:12,1718625600,78.4,1.6,229,458.97,90.71,0,0,277,111.5,76,0,0,16.9,754.17,2024-06-17T12:00:00,2024-06-17T17:00:00,SW,60,d,1001,0,94.5,46,14.9,0,12.7,southwest,Few clouds,801,c02d,Karachi,Pakistan,67.0011,24.8607
0,1002,2024-06-17:15,1718636400,79.4,0,231,0,0,0,0,279.5,106.1,38,0,0,13.6,0,2024-06-17T15:00:00,2024-06-17T20:00:00,SW,72,n,1002,0,89.6,57,14.9,0,10.4,southwest,Few clouds,801,c02n,Karachi,Pakistan,67.0011,24.8607
0,1003,2024-06-17:18,1718647200,79.7,0,229,0,0,0,0,277.8,105.3,33,0,0,13.8,0,2024-06-17T18:00:00,2024-06-17T23:00:00,SW,75,n,1002.5,0,88.7,55,14.9,0,10.4,southwest,Few clouds,801,c02n,Karachi,Pakistan,67.0011,24.8607
0,1001.5,2024-06-17:21,1718658000,79.5,0,236,0,0,0,0,277,103.2,35,0,0,13.9,0,2024-06-17T21:00:00,2024-06-18T02:00:00,SW,77,n,1001.5,0,87.6,54,14.9,0,9.2,southwest,Few clouds,801,c02n,Karachi,Pakistan,67.0011,24.8607
0,1001,2024-06-18:00,1718668800,79.2,0,234,0,0,0,0,279.3,102,15,0,0,13.7,0,2024-06-18T00:00:00,2024-06-18T05:00:00,SW,77,n,1001,0,87.3,53,14.9,0,9.2,southwest,Few clouds,801,c02n,Karachi,Pakistan,67.0011,24.8607
398.63034,1002,2024-06-18:03,1718679600,79.4,2.8,246,434.16,88.64,0,0,283.8,105.6,46,0,0,14.6,741.57,2024-06-18T03:00:00,2024-06-18T08:00:00,WSW,73,d,1002,0,89.2,58,14.9,0,9.2,west-southwest,Scattered clouds,802,c02d,Karachi,Pakistan,67.0011,24.8607
887.1414,1001.5,2024-06-18:06,1718690400,78.7,9.8,237,967.3,122.05,0,0,282.5,111.8,58,0,0,16.4,916.49,2024-06-18T06:00:00,2024-06-18T11:00:00,WSW,61,d,1001.5,0,94.3,57,14.9,0,11.5,west-southwest,Scattered clouds,802,c02d,Karachi,Pakistan,67.0011,24.8607
899.3462,1000,2024-06-18:09,1718701200,79.9,10,230,978.81,122.61,0,0,278.8,116.4,51,0,0,18.8,918.95,2024-06-18T09:00:00,2024-06-18T14:00:00,SW,60,d,1000,0,96.1,52,14.9,0,13.8,southwest,Few clouds,801,c02d,Karachi,Pakistan,67.0011,24.8607
421.23456,998.5,2024-06-18:12,1718712000,79.7,3,230,459.8,90.77,0,0,276.8,112.7,49,0,0,17.7,754.5,2024-06-18T12:00:00,2024-06-18T17:00:00,SW,64,d,998.5,0,93.7,56,14.9,0,13.8,southwest,Few clouds,801,c02d,Karachi,Pakistan,67.0011,24.8607
0,999,2024-06-18:15,1718722800,80.3,0,232,0,0,0,0,279,107,50,0,0,15.3,0,2024-06-18T15:00:00,2024-06-18T20:00:00,SW,75,n,999,0,89.2,65,14.9,0,11.5,southwest,Scattered clouds,802,c02n,Karachi,Pakistan,67.0011,24.8607
0,1000,2024-06-18:18,1718733600,80.7,0,234,0,0,0,0,280,107.2,53,0,0,15.5,0,2024-06-18T18:00:00,2024-06-18T23:00:00,SW,77,n,1000,0,88.9,62,14.9,0,10.4,southwest,Scattered clouds,802,c02n,Karachi,Pakistan,67.0011,24.8607
0,998,2024-06-18:21,1718744400,80.5,0,235,0,0,0.007,15,280,104.9,53,0,0,16,0,2024-06-18T21:00:00,2024-06-19T02:00:00,SW,79,n,998,0,87.8,59,14.9,0,10.4,southwest,Scattered clouds,802,c02n,Karachi,Pakistan,67.0011,24.8607
0,997.5,2024-06-19:00,1718755200,80.5,0,235,0,0,0,0,282.3,104.4,48,0,0,16,0,2024-06-19T00:00:00,2024-06-19T05:00:00,SW,80,n,997.5,0,87.4,57,14.9,0,9.2,southwest,Scattered clouds,802,c02n,Karachi,Pakistan,67.0011,24.8607
398.08673,998,2024-06-19:03,1718766000,79.8,2.8,228,433.37,88.57,0,0,283.8,106.3,36,0,0,16,741.08,2024-06-19T03:00:00,2024-06-19T08:00:00,SW,74,d,998,0,89.2,66,14.9,0,10.4,southwest,Scattered clouds,802,c02d,Karachi,Pakistan,67.0011,24.8607
887.36743,998,2024-06-19:06,1718776800,80.5,9.8,231,966.8,122.02,0,0,284.3,113.9,58,0,0,17.8,916.28,2024-06-19T06:00:00,2024-06-19T11:00:00,SW,66,d,998,0,93.6,61,14.9,0,12.7,southwest,Scattered clouds,802,c02d,Karachi,Pakistan,67.0011,24.8607
914.1799,987.2,2024-06-19:09,1718787600,80.7,10,225,979.04,122.61,0,0,280.3,116.9,0,0,0,16.6,918.9,2024-06-19T09:00:00,2024-06-19T14:00:00,SW,63,d,986.5,0,95.4,54,14.9,1,15,southwest,Few clouds,801,c02d,Karachi,Pakistan,67.0011,24.8607
431.97076,985.7,2024-06-19:12,1718798400,81.1,2.9,231,460.6,90.83,0,0,281.3,114.1,0,0,0,18.1,754.81,2024-06-19T12:00:00,2024-06-19T17:00:00,SW,69,d,985,0,92.8,53,14.9,5,15,southwest,Few clouds,801,c02d,Karachi,Pakistan,67.0011,24.8607
0,987.2,2024-06-19:15,1718809200,80.8,0,230,0,0,0,0,284.3,106.7,0,0,0,19.2,0,2024-06-19T15:00:00,2024-06-19T20:00:00,SW,78,n,986.5,0,88.5,64,14.9,38,13.8,southwest,Scattered clouds,802,c02n,Karachi,Pakistan,67.0011,24.8607
0,998.5,2024-06-14:18,1718388000,67.6,0,72,0,0,0,0,308.3,91.4,0,8,0,3.5,0,2024-06-14T18:00:00,2024-06-14T23:00:00,ENE,51,n,962.5,0,88,0,14.9,0,1.3,east-northeast,Few clouds,801,c02n,Peshawar,Pakistan,71.5249,34.0151
0,998.5,2024-06-14:21,1718398800,68.6,0,259,0,0,0,0,306.5,85.8,0,0,0,4.7,0,2024-06-14T21:00:00,2024-06-15T02:00:00,W,63,n,962.5,0,82.5,0,14.9,0,2.5,west,Clear Sky,800,c01n,Peshawar,Pakistan,71.5249,34.0151
0,999.5,2024-06-15:00,1718409600,67.9,0,163,0,0,0,0,306.8,82.9,0,0,0,3.9,0,2024-06-15T00:00:00,2024-06-15T05:00:00,SSE,66,n,963,0,80.3,0,14.9,0,2,south-southeast,Clear Sky,800,c01n,Peshawar,Pakistan,71.5249,34.0151
504.1578,1001,2024-06-15:03,1718420400,67,3.5,356,532.67,95.66,0,0,306.8,93.2,0,0,0,4.3,790.57,2024-06-15T03:00:00,2024-06-15T08:00:00,NNW,47,d,965,0,89.9,0,14.9,0,1.8,north-northwest,Clear Sky,800,c01d,Peshawar,Pakistan,71.5249,34.0151
944.09534,1000,2024-06-15:06,1718431200,59,10,7,983.54,121.82,0,0,303,101.7,0,0,0,8.5,922.58,2024-06-15T06:00:00,2024-06-15T11:00:00,N,25,d,964.5,0,101.4,0,14.9,7,3.2,north,Few clouds,801,c02d,Peshawar,Pakistan,71.5249,34.0151
886.3717,997,2024-06-15:09,1718442000,55,7.1,131,935.1,119.49,0,0,303.8,109,0,0,0,6.9,912.1,2024-06-15T09:00:00,2024-06-15T14:00:00,SE,17,d,961.5,0,109.6,31,14.9,99,1.7,southeast,Overcast clouds,804,c04d,Peshawar,Pakistan,71.5249,34.0151
392.2878,995.5,2024-06-15:12,1718452800,55,1.9,227,423.94,87.12,0,0,301.8,106.9,0,0,0,16.6,739.43,2024-06-15T12:00:00,2024-06-15T17:00:00,SW,18,d,960.5,0,107.7,40,14.9,100,8.1,southwest,Overcast clouds,804,c04d,Peshawar,Pakistan,71.5249,34.0151
0,996.5,2024-06-15:15,1718463600,62.4,0,178,0,0,0,0,302.5,99.8,0,0,0,4.3,0,2024-06-15T15:00:00,2024-06-15T20:00:00,S,31,n,961,0,98.2,0,14.9,49,2.6,south,Scattered clouds,802,c02n,Peshawar,Pakistan,71.5249,34.0151
0,997.5,2024-06-15:18,1718474400,66.4,0,194,0,0,0,0,303.8,91.3,0,0,0,5,0,2024-06-15T18:00:00,2024-06-15T23:00:00,SSW,48,n,961.5,0,88.6,0,14.9,0,1.8,south-southwest,Clear Sky,800,c01n,Peshawar,Pakistan,71.5249,34.0151
0,998,2024-06-15:21,1718485200,67.2,0,184,0,0,0,0,299.8,87.4,0,0,0,3.7,0,2024-06-15T21:00:00,2024-06-16T02:00:00,S,56,n,962,0,84.6,0,14.9,0,1.9,south,Clear Sky,800,c01n,Peshawar,Pakistan,71.5249,34.0151
0,999.5,2024-06-16:00,1718496000,67.8,0,194,0,0,0,0,299.5,86.1,0,0,0,2.4,0,2024-06-16T00:00:00,2024-06-16T05:00:00,SSW,60,n,963.5,0,83.1,0,14.9,0,1.6,south-southwest,Clear Sky,800,c01n,Peshawar,Pakistan,71.5249,34.0151
502.77975,1001,2024-06-16:03,1718506800,67.8,3.5,268,532.12,95.61,0,0,299.3,94.8,0,0,0,3.6,790.24,2024-06-16T03:00:00,2024-06-16T08:00:00,W,47,d,965,0,90.8,0,14.9,0,0.9,west,Clear Sky,800,c01d,Peshawar,Pakistan,71.5249,34.0151
944.6708,1000,2024-06-16:06,1718517600,58.1,10,44,983.25,121.8,0,0,299.3,104.9,0,0,0,6.3,922.4,2024-06-16T06:00:00,2024-06-16T11:00:00,NE,22,d,964.5,0,104.6,0,14.9,0,2,northeast,Clear Sky,800,c01d,Peshawar,Pakistan,71.5249,34.0151
901.37494,996.5,2024-06-16:09,1718528400,57.4,9.1,193,935.48,119.49,0,0,299.3,113.2,0,0,0,5.6,912.07,2024-06-16T09:00:00,2024-06-16T14:00:00,SSW,17,d,961.5,0,112.5,0,14.9,0,0.8,south-southwest,Clear Sky,800,c01d,Peshawar,Pakistan,71.5249,34.0151
409.8557,994.5,2024-06-16:12,1718539200,55.4,2.7,118,424.88,87.19,0,0,299,111.8,0,0,0,4.9,739.84,2024-06-16T12:00:00,2024-06-16T17:00:00,ESE,16,d,959,0,112.2,0,14.9,15,1.8,east-southeast,Few clouds,801,c02d,Peshawar,Pakistan,71.5249,34.0151
0,996.5,2024-06-16:15,1718550000,64.9,0,233,0,0,0.002,15,298.8,99.1,0,43,0,19.6,0,2024-06-16T15:00:00,2024-06-16T20:00:00,SW,36,n,961,0,96.2,73,14.9,100,5.1,southwest,Overcast clouds,804,c04n,Peshawar,Pakistan,71.5249,34.0151
0,998.5,2024-06-16:18,1718560800,65.4,0,205,0,0,0,0,298.5,90.2,0,0,0,6.6,0,2024-06-16T18:00:00,2024-06-16T23:00:00,SSW,47,n,962.5,0,88.1,0,14.9,6,3.5,south-southwest,Clear Sky,800,c01n,Peshawar,Pakistan,71.5249,34.0151
0,998,2024-06-16:21,1718571600,62.4,0,203,0,0,0,0,299,84.4,0,0,0,6,0,2024-06-16T21:00:00,2024-06-17T02:00:00,SSW,49,n,962,0,83.6,0,14.9,0,3.1,south-southwest,Clear Sky,800,c01n,Peshawar,Pakistan,71.5249,34.0151
0,998.5,2024-06-17:00,1718582400,63.3,0,207,0,0,0,0,302.5,81.9,0,28,0,4.9,0,2024-06-17T00:00:00,2024-06-17T05:00:00,SSW,56,n,962.5,0,80.5,0,14.9,0,1.8,south-southwest,Few clouds,801,c02n,Peshawar,Pakistan,71.5249,34.0151
503.58194,1000,2024-06-17:03,1718593200,66.6,3.5,275,531.52,95.56,0,0,304,94.7,0,0,0,3.1,789.9,2024-06-17T03:00:00,2024-06-17T08:00:00,W,44,d,964,0,91.6,0,14.9,0,1,west,Clear Sky,800,c01d,Peshawar,Pakistan,71.5249,34.0151
951.2431,999,2024-06-17:06,1718604000,52.9,10,18,982.94,121.77,0,0,302.8,105.3,0,0,0,7.8,922.22,2024-06-17T06:00:00,2024-06-17T11:00:00,NNE,17,d,963.5,0,107,0,14.9,0,2.9,north-northeast,Clear Sky,800,c01d,Peshawar,Pakistan,71.5249,34.0151
903.09235,997.5,2024-06-17:09,1718614800,55,9.1,91,935.84,119.5,0,0,299,108.8,0,0,0,25.3,912.03,2024-06-17T09:00:00,2024-06-17T14:00:00,E,17,d,962.5,0,109.5,0,14.9,0,12.5,east,Clear Sky,800,c01d,Peshawar,Pakistan,71.5249,34.0151
411.46945,995,2024-06-17:12,1718625600,54.6,2.7,100,425.78,87.25,0,0,299.5,108.1,0,0,0,20.9,740.23,2024-06-17T12:00:00,2024-06-17T17:00:00,E,17,d,960,0,109.1,0,14.9,36,9,east,Few clouds,801,c02d,Peshawar,Pakistan,71.5249,34.0151
0,996.5,2024-06-17:15,1718636400,57.4,0,60,0,0,0,0,303,98.9,0,0,0,11.9,0,2024-06-17T15:00:00,2024-06-17T20:00:00,ENE,25,n,961,0,99.5,38,14.9,100,3.7,east-northeast,Overcast clouds,804,c04n,Peshawar,Pakistan,71.5249,34.0151
0,997.5,2024-06-17:18,1718647200,63.4,0,277,0,0,0,0,301,93.2,0,0,0,4,0,2024-06-17T18:00:00,2024-06-17T23:00:00,W,39,n,962,0,91.9,0,14.9,0,2.6,west,Clear Sky,800,c01n,Peshawar,Pakistan,71.5249,34.0151
0,997.5,2024-06-17:21,1718658000,65.8,0,147,0,0,0,0,300.5,88.9,0,48,0,5.1,0,2024-06-17T21:00:00,2024-06-18T02:00:00,SSE,50,n,961.5,0,86.7,0,14.9,0,1.5,south-southeast,Scattered clouds,802,c02n,Peshawar,Pakistan,71.5249,34.0151
0,999,2024-06-18:00,1718668800,74,0,149,0,0,0,0,301.3,90.4,0,35,0,3.4,0,2024-06-18T00:00:00,2024-06-18T05:00:00,SSE,73,n,963,0,83.6,0,14.9,0,2,south-southeast,Few clouds,801,c02n,Peshawar,Pakistan,71.5249,34.0151
496.5909,1000,2024-06-18:03,1718679600,72.6,3.5,319,530.88,95.5,0,0,300.3,99.2,0,0,0,6.4,789.54,2024-06-18T03:00:00,2024-06-18T08:00:00,NW,55,d,964,0,91,0,14.9,0,3,northwest,Clear Sky,800,c01d,Peshawar,Pakistan,71.5249,34.0151
941.6629,998,2024-06-18:06,1718690400,59.7,10,8,982.61,121.74,0,0,300.3,104.6,0,31,0,7.3,922.04,2024-06-18T06:00:00,2024-06-18T11:00:00,N,24,d,962.5,0,103.6,0,14.9,0,2.6,north,Few clouds,801,c02d,Peshawar,Pakistan,71.5249,34.0151
907.3713,994,2024-06-18:09,1718701200,51.8,9.1,239,936.18,119.5,0,0,300,110.2,0,0,0,9.2,912,2024-06-18T09:00:00,2024-06-18T14:00:00,WSW,14,d,959,0,112.3,0,14.9,0,1.7,west-southwest,Clear Sky,800,c01d,Peshawar,Pakistan,71.5249,34.0151
384.85114,991.5,2024-06-18:12,1718712000,54.4,1.8,197,426.63,87.32,0,0,297.5,110.1,0,0,0,17.3,740.6,2024-06-18T12:00:00,2024-06-18T17:00:00,SSW,16,d,956.5,0,111,46,14.9,100,8.6,south-southwest,Overcast clouds,804,c04d,Peshawar,Pakistan,71.5249,34.0151
0,992,2024-06-18:15,1718722800,58.4,0,194,0,0,0,0,300.3,99.1,0,0,0,14.2,0,2024-06-18T15:00:00,2024-06-18T20:00:00,SSW,26,n,956.5,0,99.3,0,14.9,0,4.7,south-southwest,Clear Sky,800,c01n,Peshawar,Pakistan,71.5249,34.0151
0,993.5,2024-06-18:18,1718733600,69.2,0,279,0,0,0.001,15,300.3,95.3,0,0,0,2.8,0,2024-06-18T18:00:00,2024-06-18T23:00:00,W,50,n,957.5,0,90.4,0,14.9,0,0.6,west,Clear Sky,800,c01n,Peshawar,Pakistan,71.5249,34.0151
0,994,2024-06-18:21,1718744400,62.7,0,163,0,0,0,0,298.3,86,0,45,0,4.9,0,2024-06-18T21:00:00,2024-06-19T02:00:00,SSE,47,n,958,0,85.2,0,14.9,0,2.7,south-southeast,Scattered clouds,802,c02n,Peshawar,Pakistan,71.5249,34.0151
0,995,2024-06-19:00,1718755200,60.9,0,177,0,0,0,0,303,83.6,0,38,0,7.4,0,2024-06-19T00:00:00,2024-06-19T05:00:00,S,47,n,959,0,83.2,0,14.9,0,4.4,south,Few clouds,801,c02n,Peshawar,Pakistan,71.5249,34.0151
503.90335,996,2024-06-19:03,1718766000,65.2,3.5,16,530.19,95.44,0,0,302,93.8,0,45,0,3.6,789.17,2024-06-19T03:00:00,2024-06-19T08:00:00,NNE,42,d,960.5,0,91.5,0,14.9,0,1.6,north-northeast,Scattered clouds,802,c02d,Peshawar,Pakistan,71.5249,34.0151
922.25574,996,2024-06-19:06,1718776800,57.4,7.7,35,982.25,121.71,0.007,15,301.5,98.9,0,27,0,17.5,921.86,2024-06-19T06:00:00,2024-06-19T11:00:00,NE,25,d,960.5,0,99.5,34,14.6,86,5.6,northeast,Light shower rain,520,r04d,Peshawar,Pakistan,71.5249,34.0151
933.1327,981.4,2024-06-19:09,1718787600,38.1,7.9,132,936.49,119.51,0,0,297.5,103.5,0,20,0,7.7,911.97,2024-06-19T09:00:00,2024-06-19T14:00:00,SE,9,d,947,0,109.5,20,14.9,76,6.4,southeast,Few clouds,801,c02d,Peshawar,Pakistan,71.5249,34.0151
135.8141,980.7,2024-06-19:12,1718798400,46.7,0.8,233,427.42,87.38,0.001,15,296.8,99.6,0,100,0,24.4,740.94,2024-06-19T12:00:00,2024-06-19T17:00:00,SW,15,d,946,0,103.3,100,14.9,100,21.3,southwest,Overcast clouds,804,c04d,Peshawar,Pakistan,71.5249,34.0151
0,981.3,2024-06-19:15,1718809200,50.1,0,271,0,0,0,0,303,90.4,0,0,0,14.1,0,2024-06-19T15:00:00,2024-06-19T20:00:00,W,23,n,946,0,93.5,0,14.9,0,10.6,west,Clear Sky,800,c01n,Peshawar,Pakistan,71.5249,34.0151
0,997,2024-06-14:18,1718388000,64.9,0,282,0,0,0,0,292.5,98.1,0,0,0,4.7,0,2024-06-14T18:00:00,2024-06-14T23:00:00,WNW,37,n,973,0,95.4,9,14.9,3,2.3,west-northwest,Clear Sky,800,c01n,Lahore,Pakistan,74.3587,31.5204
0,996.5,2024-06-14:21,1718398800,64.9,0,293,0,0,0,0,292.5,93.3,0,0,0,3.4,0,2024-06-14T21:00:00,2024-06-15T02:00:00,WNW,42,n,972.5,0,91.2,12,14.9,26,1.1,west-northwest,Clear Sky,800,c01n,Lahore,Pakistan,74.3587,31.5204
1.6651442,997.5,2024-06-15:00,1718409600,65.7,0,279,0.09,1.61,0,0,294.3,90.8,0,0,0,1.3,0.21,2024-06-15T00:00:00,2024-06-15T05:00:00,W,47,n,973,0,88.5,17,14.9,0,1.1,west,Clear Sky,800,c01n,Lahore,Pakistan,74.3587,31.5204
533.984,999.5,2024-06-15:03,1718420400,65.3,3.8,296,564.65,98.2,0,0,296.3,95.8,0,0,0,10.9,802.58,2024-06-15T03:00:00,2024-06-15T08:00:00,WNW,40,d,975,0,93.2,13,14.9,4,2.3,west-northwest,Clear Sky,800,c01d,Lahore,Pakistan,74.3587,31.5204
954.15784,998.5,2024-06-15:06,1718431200,64.2,10.5,254,1003.65,123.12,0,0,295,106.2,0,0,0,19.6,926.01,2024-06-15T06:00:00,2024-06-15T11:00:00,WSW,29,d,974.5,0,102.6,2,14.9,0,3.4,west-southwest,Clear Sky,800,c01d,Lahore,Pakistan,74.3587,31.5204
885.2222,996.5,2024-06-15:09,1718442000,63,8.8,260,919.26,119.04,0,0,293.8,111.4,0,57,0,13.6,907.76,2024-06-15T09:00:00,2024-06-15T14:00:00,W,24,d,972.5,0,107.6,7,14.9,5,4.6,west,Clear Sky,800,c01d,Lahore,Pakistan,74.3587,31.5204
357.1617,995.5,2024-06-15:12,1718452800,63,2.4,261,375.79,83.06,0,0,294.3,111.4,0,0,0,27.3,711.17,2024-06-15T12:00:00,2024-06-15T17:00:00,W,24,d,972,0,107.6,6,14.9,2,4.6,west,Clear Sky,800,c01d,Lahore,Pakistan,74.3587,31.5204
0,996.5,2024-06-15:15,1718463600,64.4,0,251,0,0,0,0,292.8,105.2,0,0,0,14,0,2024-06-15T15:00:00,2024-06-15T20:00:00,WSW,30,n,972,0,101.7,4,14.9,0,2.3,west-southwest,Clear Sky,800,c01n,Lahore,Pakistan,74.3587,31.5204
0,996.5,2024-06-15:18,1718474400,65.6,0,269,0,0,0,0,288.8,100.4,0,0,0,8.5,0,2024-06-15T18:00:00,2024-06-15T23:00:00,W,36,n,972.5,0,97,2,14.9,0,2.3,west,Clear Sky,800,c01n,Lahore,Pakistan,74.3587,31.5204
0,997,2024-06-15:21,1718485200,66.1,0,290,0,0,0,0,289.8,96.6,0,0,0,6.2,0,2024-06-15T21:00:00,2024-06-16T02:00:00,WNW,41,n,972.5,0,93.4,5,14.9,0,2.3,west-northwest,Clear Sky,800,c01n,Lahore,Pakistan,74.3587,31.5204
1.4780939,998,2024-06-16:00,1718496000,66.4,0,261,0.07,1.44,0,0,287.8,94.5,0,0,0,7,0.14,2024-06-16T00:00:00,2024-06-16T05:00:00,W,44,n,974,0,91.4,9,14.9,0,1.1,west,Clear Sky,800,c01n,Lahore,Pakistan,74.3587,31.5204
531.0878,1000,2024-06-16:03,1718506800,67.2,3.8,273,564.06,98.15,0,0,289.5,99.7,0,0,0,9.6,802.24,2024-06-16T03:00:00,2024-06-16T08:00:00,W,40,d,975.5,0,95.4,7,14.9,0,2.3,west,Clear Sky,800,c01d,Lahore,Pakistan,74.3587,31.5204
950.0051,999,2024-06-16:06,1718517600,66.2,10.5,247,1003.35,123.09,0,0,289.3,109.3,0,0,0,19.6,925.83,2024-06-16T06:00:00,2024-06-16T11:00:00,WSW,30,d,975,0,103.8,3,14.9,0,3.4,west-southwest,Clear Sky,800,c01d,Lahore,Pakistan,74.3587,31.5204
786.2565,996.5,2024-06-16:09,1718528400,64.1,5.6,245,919.67,119.04,0,0,290.5,113.7,0,69,0,18.2,907.73,2024-06-16T09:00:00,2024-06-16T14:00:00,WSW,24,d,972.5,0,108.9,5,14.9,0,5.7,west-southwest,Clear Sky,800,c01d,Lahore,Pakistan,74.3587,31.5204
362.1261,995,2024-06-16:12,1718539200,63.6,2.4,247,376.74,83.14,0,0,291.5,112.7,0,46,0,18.4,711.66,2024-06-16T12:00:00,2024-06-16T17:00:00,WSW,24,d,971,0,108.3,10,14.9,0,5.7,west-southwest,Clear Sky,800,c01d,Lahore,Pakistan,74.3587,31.5204
0,995.5,2024-06-16:15,1718550000,65.9,0,242,0,0,0,0,291.8,107.3,0,6,0,7.5,0,2024-06-16T15:00:00,2024-06-16T20:00:00,WSW,31,n,971.5,0,102.4,4,14.9,0,2.3,west-southwest,Clear Sky,800,c01n,Lahore,Pakistan,74.3587,31.5204
0,996,2024-06-16:18,1718560800,66.1,0,266,0,0,0,0,292,101.4,0,5,0,7.7,0,2024-06-16T18:00:00,2024-06-16T23:00:00,W,36,n,972,0,97.5,6,14.9,0,4.6,west,Clear Sky,800,c01n,Lahore,Pakistan,74.3587,31.5204
0,996.5,2024-06-16:21,1718571600,66.9,0,265,0,0,0,0,289.8,98.2,0,0,0,12.1,0,2024-06-16T21:00:00,2024-06-17T02:00:00,W,41,n,972,0,94.3,12,14.9,0,2.3,west,Clear Sky,800,c01n,Lahore,Pakistan,74.3587,31.5204
1.2672932,997.5,2024-06-17:00,1718582400,68,0,237,0.05,1.24,0,0,291.5,96,0,0,0,12.9,0.08,2024-06-17T00:00:00,2024-06-17T05:00:00,WSW,46,n,973.5,0,91.8,15,14.9,0,1.1,west-southwest,Clear Sky,800,c01n,Lahore,Pakistan,74.3587,31.5204
535.02234,999,2024-06-17:03,1718593200,68.9,3.8,262,563.42,98.1,0,0,292.5,101.5,0,0,0,18.1,801.9,2024-06-17T03:00:00,2024-06-17T08:00:00,W,42,d,975,0,95.7,17,14.9,0,2.3,west,Clear Sky,800,c01d,Lahore,Pakistan,74.3587,31.5204
952.5165,998,2024-06-17:06,1718604000,68.2,10.5,236,1003.04,123.06,0,0,290,109.9,0,0,0,20.4,925.65,2024-06-17T06:00:00,2024-06-17T11:00:00,SW,33,d,974,0,102.9,8,14.9,0,3.4,southwest,Clear Sky,800,c01d,Lahore,Pakistan,74.3587,31.5204
881.0168,995.5,2024-06-17:09,1718614800,66.3,8.8,237,920.05,119.05,0,0,289,113.7,0,53,0,17,907.71,2024-06-17T09:00:00,2024-06-17T14:00:00,WSW,27,d,972,0,107.4,7,14.9,0,5.7,west-southwest,Clear Sky,800,c01d,Lahore,Pakistan,74.3587,31.5204
363.54736,994,2024-06-17:12,1718625600,65.2,2.4,240,377.65,83.22,0,0,289,112.8,0,8,0,16.4,712.13,2024-06-17T12:00:00,2024-06-17T17:00:00,WSW,26,d,970,0,107.4,8,14.9,0,5.7,west-southwest,Clear Sky,800,c01d,Lahore,Pakistan,74.3587,31.5204
0,994.5,2024-06-17:15,1718636400,66.8,0,234,0,0,0,0,289.8,106.6,0,25,0,6,0,2024-06-17T15:00:00,2024-06-17T20:00:00,SW,33,n,971,0,101.3,11,14.9,0,3.4,southwest,Few clouds,801,c02n,Lahore,Pakistan,74.3587,31.5204
0,996,2024-06-17:18,1718647200,67.9,0,276,0,0,0,0,290,102.2,0,0,0,4.7,0,2024-06-17T18:00:00,2024-06-17T23:00:00,W,39,n,972,0,97,11,14.9,0,4.6,west,Clear Sky,800,c01n,Lahore,Pakistan,74.3587,31.5204
0,995.5,2024-06-17:21,1718658000,67.9,0,314,0,0,0,0,290.3,97.4,0,0,0,9.4,0,2024-06-17T21:00:00,2024-06-18T02:00:00,NW,44,n,971.5,0,93,13,14.9,0,2.3,northwest,Clear Sky,800,c01n,Lahore,Pakistan,74.3587,31.5204
1.020515,996.5,2024-06-18:00,1718668800,69.2,0,275,0.03,1.01,0,0,290.8,96.1,0,0,0,9.2,0.03,2024-06-18T00:00:00,2024-06-18T05:00:00,W,49,n,972.5,0,91,17,14.9,0,1.1,west,Clear Sky,800,c01n,Lahore,Pakistan,74.3587,31.5204
533.56976,997.5,2024-06-18:03,1718679600,69.5,3.8,229,562.74,98.04,0,0,292,100.9,0,11,0,15.6,801.54,2024-06-18T03:00:00,2024-06-18T08:00:00,SW,44,d,973.5,0,94.8,16,14.9,0,1.1,southwest,Clear Sky,800,c01d,Lahore,Pakistan,74.3587,31.5204
956.5834,996,2024-06-18:06,1718690400,68.6,10.5,222,1002.72,123.04,0,0,292,109.6,0,6,0,12.6,925.47,2024-06-18T06:00:00,2024-06-18T11:00:00,SW,34,d,972,0,102.4,11,14.9,0,3.4,southwest,Few clouds,801,c02d,Lahore,Pakistan,74.3587,31.5204
877.3936,992.5,2024-06-18:09,1718701200,67,8.8,231,920.43,119.06,0,0,293.3,114,0,0,0,16.1,907.69,2024-06-18T09:00:00,2024-06-18T14:00:00,SW,28,d,969,0,107.1,13,14.9,0,6.9,southwest,Few clouds,801,c02d,Lahore,Pakistan,74.3587,31.5204
362.33212,991,2024-06-18:12,1718712000,67,2.4,242,378.52,83.29,0,0,296,114,0,24,0,17.8,712.57,2024-06-18T12:00:00,2024-06-18T17:00:00,WSW,28,d,967,0,107.1,11,14.9,5,5.7,west-southwest,Few clouds,801,c02d,Lahore,Pakistan,74.3587,31.5204
0,991.5,2024-06-18:15,1718722800,68.5,0,258,0,0,0,0,292,108.1,0,4,0,6.8,0,2024-06-18T15:00:00,2024-06-18T20:00:00,WSW,35,n,968,0,101.3,15,14.9,0,3.4,west-southwest,Clear Sky,800,c01n,Lahore,Pakistan,74.3587,31.5204
0,992.5,2024-06-18:18,1718733600,68.1,0,295,0,0,0,0,292.8,100.6,0,12,0,8.1,0,2024-06-18T18:00:00,2024-06-18T23:00:00,WNW,41,n,968.5,0,95.5,19,14.9,0,4.6,west-northwest,Clear Sky,800,c01n,Lahore,Pakistan,74.3587,31.5204
0,992,2024-06-18:21,1718744400,67.9,0,328,0,0,0,0,292.5,95.7,0,34,0,11.4,0,2024-06-18T21:00:00,2024-06-19T02:00:00,NNW,46,n,968,0,91.6,20,14.9,0,2.3,north-northwest,Clear Sky,800,c01n,Lahore,Pakistan,74.3587,31.5204
0.6659172,995,2024-06-19:00,1718755200,68.2,0,313,0.02,0.75,0,0,288,92.6,0,64,0,10.6,0.01,2024-06-19T00:00:00,2024-06-19T05:00:00,NW,51,n,970.5,0,88.7,32,14.9,100,2.3,northwest,Clear Sky,800,c01n,Lahore,Pakistan,74.3587,31.5204
525.3637,996,2024-06-19:03,1718766000,69,3.8,355,562.02,97.98,0,0,290.3,97.2,0,31,0,20.9,801.18,2024-06-19T03:00:00,2024-06-19T08:00:00,NNW,47,d,972,0,92.1,35,12.1,56,2.3,north-northwest,Clear Sky,800,c01d,Lahore,Pakistan,74.3587,31.5204
949.3708,995,2024-06-19:06,1718776800,69.2,10.5,184,1002.37,123.01,0,0,290.3,105.1,0,3,0,19.3,925.3,2024-06-19T06:00:00,2024-06-19T11:00:00,S,39,d,971,0,98.4,16,14.9,0,4.6,south,Clear Sky,800,c01d,Lahore,Pakistan,74.3587,31.5204
883.08264,989.8,2024-06-19:09,1718787600,68.2,8.8,213,920.78,119.07,0,0,292,109.9,0,0,0,9.4,907.67,2024-06-19T09:00:00,2024-06-19T14:00:00,SSW,33,d,967.5,0,102.9,15,14.9,0,6.9,south-southwest,Few clouds,801,c02d,Lahore,Pakistan,74.3587,31.5204
362.6242,987.2,2024-06-19:12,1718798400,66.4,2.4,233,379.34,83.36,0,0,291,108.3,0,0,0,11.7,712.99,2024-06-19T12:00:00,2024-06-19T17:00:00,SW,31,d,965,0,102.9,21,14.9,0,4.6,southwest,Few clouds,801,c02d,Lahore,Pakistan,74.3587,31.5204
0,987.7,2024-06-19:15,1718809200,67.7,0,277,0,0,0,0,292.5,100.7,8,40,0,24.2,0,2024-06-19T15:00:00,2024-06-19T20:00:00,W,40,n,965,0,95.9,28,14.9,10,2.3,west,Clear Sky,800,c01n,Lahore,Pakistan,74.3587,31.5204
0,999.5,2024-06-14:18,1718388000,57.1,0,37,0,0,0,0,303.8,86.1,0,35,0,6.9,0,2024-06-14T18:00:00,2024-06-14T23:00:00,NE,36,n,941.5,0,87.3,29,14.9,41,6.9,northeast,Few clouds,801,c02n,Islamabad,Pakistan,73.0363,33.6995
0,999,2024-06-14:21,1718398800,57.1,0,44,0,0,0,0,302.3,82.8,0,12,0,11.3,0,2024-06-14T21:00:00,2024-06-15T02:00:00,NE,41,n,940.5,0,83.3,27,14.9,0,4.6,northeast,Few clouds,801,c02n,Islamabad,Pakistan,73.0363,33.6995
2.629435,999.5,2024-06-15:00,1718409600,57.3,0,59,0.22,2.46,0,0,302.5,81.3,0,0,0,11,0.93,2024-06-15T00:00:00,2024-06-15T05:00:00,ENE,44,n,941.5,0,81.3,25,14.9,100,5.7,east-northeast,Few clouds,801,c02n,Islamabad,Pakistan,73.0363,33.6995
533.3108,1000.5,2024-06-15:03,1718420400,58.4,3.7,97,553.58,96.61,0,0,302.8,87.1,0,0,0,9.2,801.13,2024-06-15T03:00:00,2024-06-15T08:00:00,E,37,d,942.5,0,88,18,14.9,0,6.9,east,Few clouds,801,c02d,Islamabad,Pakistan,73.0363,33.6995
952.1113,1001,2024-06-15:06,1718431200,57.5,10.2,157,993.24,121.53,0,0,299,96.1,0,13,0,25.5,926.24,2024-06-15T06:00:00,2024-06-15T11:00:00,SSE,27,d,943.5,0,97,17,14.9,0,9.2,south-southeast,Few clouds,801,c02d,Islamabad,Pakistan,73.0363,33.6995
891.9312,998,2024-06-15:09,1718442000,54.7,8.9,257,925.98,118.31,0,0,298.5,102.4,0,0,0,11.5,911.74,2024-06-15T09:00:00,2024-06-15T14:00:00,WSW,20,d,940.5,0,103.6,27,14.9,0,11.5,west-southwest,Few clouds,801,c02d,Islamabad,Pakistan,73.0363,33.6995
389.45288,996.5,2024-06-15:12,1718452800,53.7,2.5,276,402.59,84.8,0,0,300.5,102.6,0,0,0,15,729.93,2024-06-15T12:00:00,2024-06-15T17:00:00,W,19,d,939.5,0,104.2,31,14.9,30,15,west,Scattered clouds,802,c02d,Islamabad,Pakistan,73.0363,33.6995
0,997.5,2024-06-15:15,1718463600,54.3,0,320,0,0,0,0,299.5,93.7,0,0,0,12.7,0,2024-06-15T15:00:00,2024-06-15T20:00:00,NW,25,n,940,0,95.7,31,14.9,0,12.7,northwest,Scattered clouds,802,c02n,Islamabad,Pakistan,73.0363,33.6995
0,998.5,2024-06-15:18,1718474400,55.7,0,49,0,0,0,0,297,86.9,0,0,0,8,0,2024-06-15T18:00:00,2024-06-15T23:00:00,NE,33,n,940.5,0,88.5,24,14.9,0,6.9,northeast,Few clouds,801,c02n,Islamabad,Pakistan,73.0363,33.6995
0,998.5,2024-06-15:21,1718485200,56.9,0,65,0,0,0,0,296,83.7,0,0,0,8.9,0,2024-06-15T21:00:00,2024-06-16T02:00:00,ENE,39,n,940.5,0,84.6,18,14.9,0,3.4,east-northeast,Few clouds,801,c02n,Islamabad,Pakistan,73.0363,33.6995
2.4747407,1000,2024-06-16:00,1718496000,58.4,0,52,0.2,2.31,0,0,296.8,81.9,0,0,0,7.5,0.75,2024-06-16T00:00:00,2024-06-16T05:00:00,NE,45,n,941.5,0,81.9,15,14.9,10,2.3,northeast,Few clouds,801,c02n,Islamabad,Pakistan,73.0363,33.6995
532.0109,1001,2024-06-16:03,1718506800,59.3,3.7,99,553.03,96.56,0,0,296.8,90.1,0,0,0,8.4,800.81,2024-06-16T03:00:00,2024-06-16T08:00:00,E,35,d,943,0,90.7,7,14.9,0,4.6,east,Clear Sky,800,c01d,Islamabad,Pakistan,73.0363,33.6995
960.1582,999.5,2024-06-16:06,1718517600,59.1,10.2,194,992.97,121.51,0,0,295.8,100.5,0,21,0,9.3,926.06,2024-06-16T06:00:00,2024-06-16T11:00:00,SSW,26,d,942.5,0,100.2,13,14.9,0,8.1,south-southwest,Few clouds,801,c02d,Islamabad,Pakistan,73.0363,33.6995
896.3508,997.5,2024-06-16:09,1718528400,56.2,8.9,257,926.38,118.32,0,0,296.5,105,0,0,0,16.2,911.71,2024-06-16T09:00:00,2024-06-16T14:00:00,WSW,20,d,940.5,0,105.4,26,14.9,0,10.4,west-southwest,Few clouds,801,c02d,Islamabad,Pakistan,73.0363,33.6995
403.54,995.5,2024-06-16:12,1718539200,54.7,2.5,279,403.54,84.87,0,0,297.8,104.3,0,0,0,16.1,730.37,2024-06-16T12:00:00,2024-06-16T17:00:00,W,19,d,939,0,105.4,34,14.9,0,16.1,west,Scattered clouds,802,c02d,Islamabad,Pakistan,73.0363,33.6995
0,997,2024-06-16:15,1718550000,55.6,0,300,0,0,0,0,297.8,94.5,0,0,0,13.8,0,2024-06-16T15:00:00,2024-06-16T20:00:00,WNW,26,n,939.5,0,96.1,37,14.9,0,13.8,west-northwest,Scattered clouds,802,c02n,Islamabad,Pakistan,73.0363,33.6995
0,998,2024-06-16:18,1718560800,56,0,65,0,0,0,0,296,88.1,0,0,0,8.4,0,2024-06-16T18:00:00,2024-06-16T23:00:00,ENE,32,n,940.5,0,89.8,27,14.9,5,6.9,east-northeast,Few clouds,801,c02n,Islamabad,Pakistan,73.0363,33.6995
0,998,2024-06-16:21,1718571600,57.3,0,100,0,0,0,0,296,84.8,0,0,0,8.5,0,2024-06-16T21:00:00,2024-06-17T02:00:00,E,38,n,940,0,85.8,24,14.9,0,4.6,east,Few clouds,801,c02n,Islamabad,Pakistan,73.0363,33.6995
2.2522733,999,2024-06-17:00,1718582400,58.3,0,45,0.16,2.12,0,0,297.5,82.9,0,0,0,6.2,0.56,2024-06-17T00:00:00,2024-06-17T05:00:00,NE,43,n,941,0,83.1,20,14.9,0,3.4,northeast,Few clouds,801,c02n,Islamabad,Pakistan,73.0363,33.6995
532.11316,1000,2024-06-17:03,1718593200,59.4,3.7,73,552.43,96.51,0,0,297.8,91.2,0,0,0,7.7,800.47,2024-06-17T03:00:00,2024-06-17T08:00:00,ENE,34,d,942.5,0,91.8,8,14.9,0,4.6,east-northeast,Clear Sky,800,c01d,Islamabad,Pakistan,73.0363,33.6995
960.3855,1000,2024-06-17:06,1718604000,59.9,10.2,176,992.67,121.48,0,0,296.3,100.4,0,3,0,19.6,925.88,2024-06-17T06:00:00,2024-06-17T11:00:00,S,27,d,942.5,0,99.9,20,14.9,0,9.2,south,Few clouds,801,c02d,Islamabad,Pakistan,73.0363,33.6995
889.3462,999.5,2024-06-17:09,1718614800,56.6,8.9,254,926.77,118.33,0,0,297.8,105.7,0,0,0,24,911.68,2024-06-17T09:00:00,2024-06-17T14:00:00,WSW,20,d,942,0,106,27,14.9,14,13.8,west-southwest,Few clouds,801,c02d,Islamabad,Pakistan,73.0363,33.6995
390.48495,996.5,2024-06-17:12,1718625600,56.2,2.5,275,404.44,84.95,0,0,297.5,105,0,0,0,16.1,730.79,2024-06-17T12:00:00,2024-06-17T17:00:00,W,20,d,939.5,0,105.4,37,14.9,0,16.1,west,Scattered clouds,802,c02d,Islamabad,Pakistan,73.0363,33.6995
0,997.5,2024-06-17:15,1718636400,57.1,0,311,0,0,0,0,296.8,95.6,0,0,0,15,0,2024-06-17T15:00:00,2024-06-17T20:00:00,NW,27,n,940,0,96.6,43,14.9,8,15,northwest,Scattered clouds,802,c02n,Islamabad,Pakistan,73.0363,33.6995
0,998,2024-06-17:18,1718647200,58.2,0,58,0,0,0,0,299,88.4,0,0,0,12.7,0,2024-06-17T18:00:00,2024-06-17T23:00:00,ENE,35,n,940,0,89.4,35,14.7,0,12.7,east-northeast,Scattered clouds,802,c02n,Islamabad,Pakistan,73.0363,33.6995
0,997.5,2024-06-17:21,1718658000,58.7,0,70,0,0,0,0,299.5,85.2,0,0,0,10.6,0,2024-06-17T21:00:00,2024-06-18T02:00:00,ENE,40,n,939.5,0,85.8,30,14.9,100,6.9,east-northeast,Few clouds,801,c02n,Islamabad,Pakistan,73.0363,33.6995
1.9878954,999.5,2024-06-18:00,1718668800,59.3,0,61,0.13,1.89,0,0,299.3,82.8,0,46,0,9.3,0.38,2024-06-18T00:00:00,2024-06-18T05:00:00,ENE,45,n,941.5,0,82.8,28,14.9,35,4.6,east-northeast,Few clouds,801,c02n,Islamabad,Pakistan,73.0363,33.6995
449.85776,1000,2024-06-18:03,1718679600,59.6,2.2,95,551.78,96.45,0,0,298.8,90.5,0,82,0,8.1,800.12,2024-06-18T03:00:00,2024-06-18T08:00:00,E,35,d,942,0,91,16,14.9,73,8.1,east,Few clouds,801,c02d,Islamabad,Pakistan,73.0363,33.6995
955.97974,997.5,2024-06-18:06,1718690400,59,10.2,257,992.35,121.46,0,0,297.3,98.7,0,0,0,8.1,925.7,2024-06-18T06:00:00,2024-06-18T11:00:00,WSW,27,d,940.5,0,98.8,23,14.9,0,8.1,west-southwest,Few clouds,801,c02d,Islamabad,Pakistan,73.0363,33.6995
864.4926,994.5,2024-06-18:09,1718701200,56.7,6.6,261,927.12,118.33,0,0,300.5,102.4,0,22,0,13.4,911.65,2024-06-18T09:00:00,2024-06-18T14:00:00,W,22,d,938,0,102.9,34,14.9,100,12.7,west,Scattered clouds,802,c02d,Islamabad,Pakistan,73.0363,33.6995
378.90878,993.5,2024-06-18:12,1718712000,55,1.9,291,405.3,85.01,0,0,301.3,101.1,0,14,0,15,731.19,2024-06-18T12:00:00,2024-06-18T17:00:00,WNW,21,d,937,0,102.4,46,14.9,100,15,west-northwest,Scattered clouds,802,c02d,Islamabad,Pakistan,73.0363,33.6995
0,994,2024-06-18:15,1718722800,55.9,0,325,0,0,0,0,296.3,92.2,0,0,0,18.4,0,2024-06-18T15:00:00,2024-06-18T20:00:00,NW,28,n,936.5,0,93.9,54,14.9,0,18.4,northwest,Scattered clouds,802,c02n,Islamabad,Pakistan,73.0363,33.6995
0,994.5,2024-06-18:18,1718733600,56.2,0,65,0,0,0,0,299,86.7,0,0,0,12.7,0,2024-06-18T18:00:00,2024-06-18T23:00:00,ENE,34,n,937,0,88.2,42,14.9,0,12.7,east-northeast,Scattered clouds,802,c02n,Islamabad,Pakistan,73.0363,33.6995
0,993.5,2024-06-18:21,1718744400,57.3,0,136,0,0,0,0,296.5,83.5,0,0,0,11,0,2024-06-18T21:00:00,2024-06-19T02:00:00,SE,40,n,936,0,84.2,36,14.9,7,5.7,southeast,Few clouds,801,c02n,Islamabad,Pakistan,73.0363,33.6995
1.6929843,996.5,2024-06-19:00,1718755200,58.6,0,54,0.09,1.63,0,0,294.3,81.6,0,50,0,17.1,0.22,2024-06-19T00:00:00,2024-06-19T05:00:00,NE,46,n,938.5,0,81.3,39,14.9,92,5.7,northeast,Few clouds,801,c02n,Islamabad,Pakistan,73.0363,33.6995
194.20576,996.5,2024-06-19:03,1718766000,59.1,1.4,140,551.08,96.39,0,0,294.8,88.9,0,86,0,9.1,799.76,2024-06-19T03:00:00,2024-06-19T08:00:00,SE,36,d,939,0,89.6,30,14.9,100,6.9,southeast,Few clouds,801,c02d,Islamabad,Pakistan,73.0363,33.6995
952.07733,996,2024-06-19:06,1718776800,59.3,10.2,155,992.01,121.43,0,0,296,96.7,0,42,0,15,925.53,2024-06-19T06:00:00,2024-06-19T11:00:00,SSE,29,d,938.5,0,96.8,35,14.9,0,10.4,south-southeast,Scattered clouds,802,c02d,Islamabad,Pakistan,73.0363,33.6995
927.45746,966.9,2024-06-19:09,1718787600,57.1,8.8,206,927.46,118.34,0,0,296.3,101.4,0,2,0,11.5,911.62,2024-06-19T09:00:00,2024-06-19T14:00:00,SSW,23,d,915,0,101.8,43,14.9,0,11.5,south-southwest,Scattered clouds,802,c02d,Islamabad,Pakistan,73.0363,33.6995
396.77927,965.4,2024-06-19:12,1718798400,55.6,2,193,406.11,85.08,0,0,294.5,98.8,0,34,0,13.8,731.57,2024-06-19T12:00:00,2024-06-19T17:00:00,SSW,23,d,913.5,0,100,53,14.9,100,13.8,south-southwest,Scattered clouds,802,c02d,Islamabad,Pakistan,73.0363,33.6995
0,966.8,2024-06-19:15,1718809200,57.7,0,80,0,0,0,0,297.3,87.7,0,84,0,20.7,0,2024-06-19T15:00:00,2024-06-19T20:00:00,E,35,n,914,0,88.9,60,14.9,100,20.7,east,Scattered clouds,802,c02n,Islamabad,Pakistan,73.0363,33.6995
0,972.3,2024-06-14:18,1718388000,41.8,0,131,0,0,0,0,289.5,77.4,0,4,0,4.5,0,2024-06-14T18:00:00,2024-06-14T23:00:00,SE,27,n,806,0,78.6,4,14.9,0,4.9,southeast,Few clouds,801,c02n,Quetta,Pakistan,66.975,30.1798
0,972.8,2024-06-14:21,1718398800,42.4,0,121,0,0,0,0,286,73.8,0,1,0,5.2,0,2024-06-14T21:00:00,2024-06-15T02:00:00,ESE,31,n,805.5,0,75.1,1,14.9,0,5.7,east-southeast,Clear Sky,800,c01n,Quetta,Pakistan,66.975,30.1798
0,974.2,2024-06-15:00,1718409600,38.9,0,187,0,0,0,0,287,69.2,0,0,0,4.9,0,2024-06-15T00:00:00,2024-06-15T05:00:00,S,31,n,805.5,0,71,0,14.9,0,5,south,Clear Sky,800,c01n,Quetta,Pakistan,66.975,30.1798
463.5896,973.6,2024-06-15:03,1718420400,35.2,2.9,168,463.59,87.27,0,0,289.8,76.8,0,2,0,1.7,772.89,2024-06-15T03:00:00,2024-06-15T08:00:00,SSE,21,d,807,0,78.3,2,14.9,1,1.3,south-southeast,Few clouds,801,c02d,Quetta,Pakistan,66.975,30.1798
973.5964,971.1,2024-06-15:06,1718431200,27.4,9.6,303,973.6,116.79,0,0,288.3,82.5,0,3,0,4.9,930.85,2024-06-15T06:00:00,2024-06-15T11:00:00,WNW,12,d,807,0,85.8,3,14.9,0,5.7,west-northwest,Few clouds,801,c02d,Quetta,Pakistan,66.975,30.1798
982.5468,968.6,2024-06-15:09,1718442000,26.1,9.8,297,982.55,117.19,0,0,284.3,85.8,0,2,0,8.1,932.7,2024-06-15T09:00:00,2024-06-15T14:00:00,WNW,10,d,806,0,89.8,2,14.9,0,7.7,west-northwest,Few clouds,801,c02d,Quetta,Pakistan,66.975,30.1798
483.69562,967.1,2024-06-15:12,1718452800,24.2,2.9,296,483.77,88.79,0,0,285,86.5,0,8,0,10.5,782.3,2024-06-15T12:00:00,2024-06-15T17:00:00,WNW,9,d,805,0,90.7,8,14.9,0,16.7,west-northwest,Few clouds,801,c02d,Quetta,Pakistan,66.975,30.1798
0,969.8,2024-06-15:15,1718463600,24.2,0,295,0,0,0,0,284.3,81.4,0,0,0,8.3,0,2024-06-15T15:00:00,2024-06-15T20:00:00,WNW,11,n,805.5,0,84.3,0,14.9,0,6.9,west-northwest,Clear Sky,800,c01n,Quetta,Pakistan,66.975,30.1798
0,973.5,2024-06-15:18,1718474400,37.7,0,126,0,0,0,0,284.8,77.2,0,0,0,4.5,0,2024-06-15T18:00:00,2024-06-15T23:00:00,SE,23,n,807,0,78.5,0,14.9,0,4.7,southeast,Clear Sky,800,c01n,Quetta,Pakistan,66.975,30.1798
0,974,2024-06-15:21,1718485200,44.1,0,110,0,0,0,0,282,73.9,0,2,0,4.9,0,2024-06-15T21:00:00,2024-06-16T02:00:00,ESE,33,n,806.5,0,75.1,2,14.9,0,5.3,east-southeast,Few clouds,801,c02n,Quetta,Pakistan,66.975,30.1798
0,975.6,2024-06-16:00,1718496000,46.1,0,123,0,0,0,0,285.3,71.2,0,0,0,5.4,0,2024-06-16T00:00:00,2024-06-16T05:00:00,ESE,39,n,807,0,72.4,0,14.9,0,6,east-southeast,Clear Sky,800,c01n,Quetta,Pakistan,66.975,30.1798
462.9796,975.2,2024-06-16:03,1718506800,48.1,2.9,173,462.98,87.21,0,0,285.3,78,0,2,0,2.5,772.51,2024-06-16T03:00:00,2024-06-16T08:00:00,S,34,d,808.5,0,78.8,2,14.9,0,1.9,south,Few clouds,801,c02d,Quetta,Pakistan,66.975,30.1798
973.1848,972.5,2024-06-16:06,1718517600,32.2,9.6,293,973.19,116.76,0,0,284,83.5,0,3,0,7.9,930.64,2024-06-16T06:00:00,2024-06-16T11:00:00,WNW,14,d,808.5,0,87.1,3,14.9,0,4.9,west-northwest,Few clouds,801,c02d,Quetta,Pakistan,66.975,30.1798
982.82,969.7,2024-06-16:09,1718528400,25.1,9.9,310,982.82,117.19,0,0,284.5,87.6,0,1,0,7,932.63,2024-06-16T09:00:00,2024-06-16T14:00:00,NW,9,d,807.5,0,92,1,14.9,0,12.1,northwest,Clear Sky,800,c01d,Quetta,Pakistan,66.975,30.1798
484.67,968,2024-06-16:12,1718539200,25,3.1,299,484.67,88.84,0,0,283,87.4,0,0,0,11.2,782.62,2024-06-16T12:00:00,2024-06-16T17:00:00,WNW,9,d,806,0,91.8,0,14.9,0,14.6,west-northwest,Clear Sky,800,c01d,Quetta,Pakistan,66.975,30.1798
0,970.7,2024-06-16:15,1718550000,26.9,0,308,0,0,0,0,283.8,82,0,4,0,5.1,0,2024-06-16T15:00:00,2024-06-16T20:00:00,NW,12,n,806.5,0,85.1,4,14.9,0,5.1,northwest,Few clouds,801,c02n,Quetta,Pakistan,66.975,30.1798
0,973.9,2024-06-16:18,1718560800,29.1,0,334,0,0,0,0,282.5,77.5,0,1,0,1.8,0,2024-06-16T18:00:00,2024-06-16T23:00:00,NNW,16,n,807.5,0,79.1,1,14.9,0,1.5,north-northwest,Clear Sky,800,c01n,Quetta,Pakistan,66.975,30.1798
0,974.4,2024-06-16:21,1718571600,28,0,50,0,0,0,0,282,74,0,48,0,2,0,2024-06-16T21:00:00,2024-06-17T02:00:00,NE,17,n,807,0,75.9,48,14.9,0,1.9,northeast,Broken clouds,803,c03n,Quetta,Pakistan,66.975,30.1798
0,975.3,2024-06-17:00,1718582400,27.1,0,35,0,0,0,0,281.3,71,0,0,0,1.8,0,2024-06-17T00:00:00,2024-06-17T05:00:00,NE,18,n,807,0,73.1,0,14.9,0,1.2,northeast,Clear Sky,800,c01n,Quetta,Pakistan,66.975,30.1798
462.33,974.2,2024-06-17:03,1718593200,26.3,2.9,247,462.33,87.15,0,0,283.3,79.6,0,0,0,1.4,772.1,2024-06-17T03:00:00,2024-06-17T08:00:00,WSW,13,d,808.5,0,81.9,0,14.9,0,1.3,west-southwest,Clear Sky,800,c01d,Quetta,Pakistan,66.975,30.1798
972.77,972.1,2024-06-17:06,1718604000,27.2,9.8,296,972.77,116.73,0,0,281.8,84.5,0,0,0,6.9,930.43,2024-06-17T06:00:00,2024-06-17T11:00:00,WNW,11,d,808.5,0,88.3,0,14.9,0,6.5,west-northwest,Clear Sky,800,c01d,Quetta,Pakistan,66.975,30.1798
983.07416,969.5,2024-06-17:09,1718614800,25.8,9.8,283,983.08,117.19,0,0,283,88.3,0,3,0,9.8,932.57,2024-06-17T09:00:00,2024-06-17T14:00:00,WNW,9,d,807.5,0,92.8,3,14.9,0,12,west-northwest,Few clouds,801,c02d,Quetta,Pakistan,66.975,30.1798
485.54,968.6,2024-06-17:12,1718625600,24.9,3.1,269,485.54,88.9,0,0,283.5,87.3,0,0,0,13,782.92,2024-06-17T12:00:00,2024-06-17T17:00:00,W,9,d,806.5,0,91.7,0,14.9,0,9.6,west,Clear Sky,800,c01d,Quetta,Pakistan,66.975,30.1798
0,970.6,2024-06-17:15,1718636400,27.2,0,286,0,0,0,0,285.8,82.3,0,0,0,17.3,0,2024-06-17T15:00:00,2024-06-17T20:00:00,WNW,12,n,806.5,0,85.6,0,14.9,0,9.6,west-northwest,Clear Sky,800,c01n,Quetta,Pakistan,66.975,30.1798
0,974,2024-06-17:18,1718647200,27.3,0,272,0,0,0,0,285.5,77.1,0,0,0,2.5,0,2024-06-17T18:00:00,2024-06-17T23:00:00,W,15,n,807.5,0,78.8,0,14.9,0,1.4,west,Clear Sky,800,c01n,Quetta,Pakistan,66.975,30.1798
0,974,2024-06-17:21,1718658000,26,0,167,0,0,0,0,284,73.2,0,0,0,2.3,0,2024-06-17T21:00:00,2024-06-18T02:00:00,SSE,16,n,806.5,0,75.3,0,14.9,0,1.6,south-southeast,Clear Sky,800,c01n,Quetta,Pakistan,66.975,30.1798
0,974.1,2024-06-18:00,1718668800,24.3,0,180,0,0,0,0,284.8,70.9,0,0,0,4.3,0,2024-06-18T00:00:00,2024-06-18T05:00:00,S,16,n,806,0,73.1,0,14.9,0,4.5,south,Clear Sky,800,c01n,Quetta,Pakistan,66.975,30.1798
461.63,972.4,2024-06-18:03,1718679600,24.3,2.9,222,461.63,87.09,0,0,285.5,79.4,0,0,0,4.9,771.68,2024-06-18T03:00:00,2024-06-18T08:00:00,SW,12,d,807,0,81.8,0,14.9,0,4,southwest,Clear Sky,800,c01d,Quetta,Pakistan,66.975,30.1798
972.33,970,2024-06-18:06,1718690400,26.5,9.8,259,972.33,116.7,0,0,285.5,83.8,0,0,0,7.9,930.23,2024-06-18T06:00:00,2024-06-18T11:00:00,W,11,d,806.5,0,87.4,0,14.9,0,7.2,west,Clear Sky,800,c01d,Quetta,Pakistan,66.975,30.1798
983.33,966.7,2024-06-18:09,1718701200,19.2,10,279,983.33,117.19,0,0,285.3,87.6,0,0,0,7,932.5,2024-06-18T09:00:00,2024-06-18T14:00:00,W,7,d,805,0,92,0,14.9,0,8.9,west,Clear Sky,800,c01d,Quetta,Pakistan,66.975,30.1798
486.37,965.6,2024-06-18:12,1718712000,19,3.1,288,486.37,88.95,0,0,284.8,87.4,0,0,0,8.3,783.21,2024-06-18T12:00:00,2024-06-18T17:00:00,WNW,7,d,804,0,91.7,0,14.9,0,13.4,west-northwest,Clear Sky,800,c01d,Quetta,Pakistan,66.975,30.1798
0,968,2024-06-18:15,1718722800,19.5,0,259,0,0,0,0,284.3,81.4,0,0,0,6.5,0,2024-06-18T15:00:00,2024-06-18T20:00:00,W,9,n,804,0,84.4,0,14.9,0,6.3,west,Clear Sky,800,c01n,Quetta,Pakistan,66.975,30.1798
0,969.6,2024-06-18:18,1718733600,20.3,0,200,0,0,0,0,283.5,77.5,0,0,0,4.1,0,2024-06-18T18:00:00,2024-06-18T23:00:00,SSW,11,n,804,0,79.3,0,14.9,0,3.9,south-southwest,Clear Sky,800,c01n,Quetta,Pakistan,66.975,30.1798
0,968.9,2024-06-18:21,1718744400,19.8,0,184,0,0,0,0,282.8,73.9,0,0,0,3.8,0,2024-06-18T21:00:00,2024-06-19T02:00:00,S,12,n,802.5,0,76,0,14.9,0,3.7,south,Clear Sky,800,c01n,Quetta,Pakistan,66.975,30.1798
0,970.3,2024-06-19:00,1718755200,21.8,0,151,0,0,0,0,284,69.4,0,0,0,3.9,0,2024-06-19T00:00:00,2024-06-19T05:00:00,SSE,15,n,802.5,0,71.9,0,14.9,0,4.2,south-southeast,Clear Sky,800,c01n,Quetta,Pakistan,66.975,30.1798
460.88,967.9,2024-06-19:03,1718766000,23.6,2.9,233,460.88,87.03,0,0,288.5,78.8,0,0,0,3.8,771.25,2024-06-19T03:00:00,2024-06-19T08:00:00,SW,12,d,803,0,80.9,0,14.9,0,3.9,southwest,Clear Sky,800,c01d,Quetta,Pakistan,66.975,30.1798
971.88,965.6,2024-06-19:06,1718776800,27,9.8,280,971.88,116.66,0,0,286.5,84.3,0,0,0,7.2,930.03,2024-06-19T06:00:00,2024-06-19T11:00:00,W,11,d,803,0,88.1,0,14.9,0,6.9,west,Clear Sky,800,c01d,Quetta,Pakistan,66.975,30.1798
983.57,963.1,2024-06-19:09,1718787600,25.1,10,285,983.57,117.19,0,0,285,87.6,0,0,0,9,932.45,2024-06-19T09:00:00,2024-06-19T14:00:00,WNW,9,d,802,0,92,0,14.9,0,14.1,west-northwest,Clear Sky,800,c01d,Quetta,Pakistan,66.975,30.1798
487.16,962.2,2024-06-19:12,1718798400,21.7,3.1,281,487.16,89,0,0,282.5,86.9,0,0,0,11.2,783.49,2024-06-19T12:00:00,2024-06-19T17:00:00,W,8,d,801,0,91.1,0,14.9,0,14,west,Clear Sky,800,c01d,Quetta,Pakistan,66.975,30.1798
0,964.7,2024-06-19:15,1718809200,21.2,0,239,0,0,0,0,284.5,80.7,0,0,0,4,0,2024-06-19T15:00:00,2024-06-19T20:00:00,WSW,10,n,801,0,83.4,0,14.9,0,3.9,west-southwest,Clear Sky,800,c01n,Quetta,Pakistan,66.975,30.1798
0,997,2024-06-14:18,1718388000,71.3,0,56,0,0,0,0,292.5,97.7,0,0,0,5.2,0,2024-06-14T18:00:00,2024-06-14T23:00:00,NE,53,n,976,0,90.8,50,14.9,99,2.3,northeast,Overcast clouds,804,c04n,Faisalābād,Pakistan,73.135,31.4504
0,996.5,2024-06-14:21,1718398800,73.1,0,231,0,0,0,0,292.8,94.3,0,0,0,6.5,0,2024-06-14T21:00:00,2024-06-15T02:00:00,SW,64,n,975.5,0,86.8,0,14.9,5,3.6,southwest,Clear Sky,800,c01n,Faisalābād,Pakistan,73.135,31.4504
0,998,2024-06-15:00,1718409600,75,0,92,0,0,0.022,35,293.5,91,0,77,0,6.8,0,2024-06-15T00:00:00,2024-06-15T05:00:00,E,76,n,977,0,83.4,100,14.9,100,2.5,east,Light shower rain,520,r04n,Faisalābād,Pakistan,73.135,31.4504
509.3251,999.5,2024-06-15:03,1718420400,74.7,3.6,219,547.33,97.06,0,0,295.3,103.9,0,0,0,13,795.36,2024-06-15T03:00:00,2024-06-15T08:00:00,SW,56,d,978.5,0,92.8,0,14.9,0,6.6,southwest,Clear Sky,800,c01d,Faisalābād,Pakistan,73.135,31.4504
938.6353,998.5,2024-06-15:06,1718431200,70.3,10.4,233,997.99,122.97,0,0,293.3,113.6,0,0,0,18,924.6,2024-06-15T06:00:00,2024-06-15T11:00:00,SW,34,d,978,0,104.3,0,14.9,0,8.4,southwest,Clear Sky,800,c01d,Faisalābād,Pakistan,73.135,31.4504
795.39526,996.5,2024-06-15:09,1718442000,67.4,5.8,220,928.98,119.63,0,15,295.8,118,0,52,0,16.1,909.7,2024-06-15T09:00:00,2024-06-15T14:00:00,SW,26,d,976,0,110.1,51,14.9,100,7.8,southwest,Overcast clouds,804,c04d,Faisalābād,Pakistan,73.135,31.4504
370.0854,996.5,2024-06-15:12,1718452800,69.3,2.5,334,392.9,84.69,0,0,295.8,111.3,0,0,0,7.6,720.92,2024-06-15T12:00:00,2024-06-15T17:00:00,NNW,34,d,975.5,0,103.2,0,14.9,0,1.5,north-northwest,Clear Sky,800,c01d,Faisalābād,Pakistan,73.135,31.4504
0,996.5,2024-06-15:15,1718463600,77,0,100,0,0,0,0,289.8,112.6,0,0,0,1.2,0,2024-06-15T15:00:00,2024-06-15T20:00:00,E,53,n,975.5,0,97,0,7.3,0,0.9,east,Clear Sky,800,c01n,Faisalābād,Pakistan,73.135,31.4504
0,997,2024-06-15:18,1718474400,74.2,0,207,0,0,0,0,290.5,105.7,0,0,0,1.1,0,2024-06-15T18:00:00,2024-06-15T23:00:00,SSW,52,n,976,0,94.6,0,14.9,0,0.9,south-southwest,Clear Sky,800,c01n,Faisalābād,Pakistan,73.135,31.4504
0,997,2024-06-15:21,1718485200,71,0,213,0,0,0,0,289.3,95.6,0,11,0,7.7,0,2024-06-15T21:00:00,2024-06-16T02:00:00,SSW,55,n,976,0,89.3,0,14.9,0,4.3,south-southwest,Few clouds,801,c02n,Faisalābād,Pakistan,73.135,31.4504
0,998,2024-06-16:00,1718496000,72.3,0,230,0,0,0,0,289.3,92.5,0,19,0,9.8,0,2024-06-16T00:00:00,2024-06-16T05:00:00,SW,64,n,977,0,85.9,0,14.9,36,5.3,southwest,Scattered clouds,802,c02n,Faisalābād,Pakistan,73.135,31.4504
512.0462,1000,2024-06-16:03,1718506800,72,3.7,235,546.73,97.01,0,15,289.3,102.5,0,0,0,14.6,795.02,2024-06-16T03:00:00,2024-06-16T08:00:00,SW,49,d,979,0,94.1,0,14.9,1,7.3,southwest,Clear Sky,800,c01d,Faisalābād,Pakistan,73.135,31.4504
942.26227,999,2024-06-16:06,1718517600,68.3,10.4,246,997.68,122.94,0,0,289,115.5,0,0,0,20.5,924.41,2024-06-16T06:00:00,2024-06-16T11:00:00,WSW,29,d,978.5,0,107.4,0,14.9,0,9.7,west-southwest,Clear Sky,800,c01d,Faisalābād,Pakistan,73.135,31.4504
887.98944,996.5,2024-06-16:09,1718528400,62.4,9,238,929.37,119.64,0,0,290.5,117.3,0,34,0,15.5,909.67,2024-06-16T09:00:00,2024-06-16T14:00:00,WSW,20,d,976,0,113.2,0,14.9,0,6.6,west-southwest,Few clouds,801,c02d,Faisalābād,Pakistan,73.135,31.4504
378.01938,995,2024-06-16:12,1718539200,59,2.5,233,393.84,84.77,0,0,289.3,114.3,0,29,0,14.3,721.38,2024-06-16T12:00:00,2024-06-16T17:00:00,SW,18,d,974.5,0,112.6,0,14.9,0,6.2,southwest,Few clouds,801,c02d,Faisalābād,Pakistan,73.135,31.4504
0,995.5,2024-06-16:15,1718550000,64.6,0,213,0,0,0,0,291.8,104.4,0,25,0,6.6,0,2024-06-16T15:00:00,2024-06-16T20:00:00,SSW,31,n,974.5,0,100.9,0,14.7,0,3.7,south-southwest,Few clouds,801,c02n,Faisalābād,Pakistan,73.135,31.4504
0,996.5,2024-06-16:18,1718560800,66.9,0,232,0,0,0,0,289.5,98.1,0,18,0,8.3,0,2024-06-16T18:00:00,2024-06-16T23:00:00,SW,41,n,975.5,0,94.2,0,14.9,0,4.5,southwest,Few clouds,801,c02n,Faisalābād,Pakistan,73.135,31.4504
0,996.5,2024-06-16:21,1718571600,66.5,0,230,0,0,0,0,290.3,96.4,0,0,0,14.6,0,2024-06-16T21:00:00,2024-06-17T02:00:00,SW,42,n,975.5,0,93,0,14.9,0,7.8,southwest,Clear Sky,800,c01n,Faisalābād,Pakistan,73.135,31.4504
0,997.5,2024-06-17:00,1718582400,65.2,0,228,0,0,0,0,291,92.2,0,0,0,12.5,0,2024-06-17T00:00:00,2024-06-17T05:00:00,SW,44,n,976.5,0,90.1,0,14.9,0,6,southwest,Clear Sky,800,c01n,Faisalābād,Pakistan,73.135,31.4504
515.0505,999,2024-06-17:03,1718593200,69.2,3.6,230,546.09,96.95,0,0,291.3,102.1,0,0,0,16.4,794.66,2024-06-17T03:00:00,2024-06-17T08:00:00,SW,42,d,978,0,96,0,14.9,0,8.1,southwest,Clear Sky,800,c01d,Faisalābād,Pakistan,73.135,31.4504
942.4752,998,2024-06-17:06,1718604000,68.2,10.4,232,997.35,122.91,0,0,290.8,118.4,0,0,0,15.5,924.22,2024-06-17T06:00:00,2024-06-17T11:00:00,SW,27,d,977.5,0,109.7,0,14.9,0,7.3,southwest,Clear Sky,800,c01d,Faisalābād,Pakistan,73.135,31.4504
887.2661,995.5,2024-06-17:09,1718614800,63.1,9,212,929.74,119.64,0,0,290.3,120.7,0,3,0,17.8,909.64,2024-06-17T09:00:00,2024-06-17T14:00:00,SSW,19,d,975,0,115.8,0,14.9,0,8.5,south-southwest,Clear Sky,800,c01d,Faisalābād,Pakistan,73.135,31.4504
378.69485,993.5,2024-06-17:12,1718625600,60.2,2.5,224,394.75,84.84,0,0,290.3,116.6,0,10,0,15.6,721.82,2024-06-17T12:00:00,2024-06-17T17:00:00,SW,18,d,973.5,0,114.1,0,14.9,0,7,southwest,Few clouds,801,c02d,Faisalābād,Pakistan,73.135,31.4504
0,994.5,2024-06-17:15,1718636400,67.6,0,189,0,0,0,0,290.8,109.6,0,34,0,4.9,0,2024-06-17T15:00:00,2024-06-17T20:00:00,S,32,n,974,0,103.2,0,14.8,0,2.8,south,Few clouds,801,c02n,Faisalābād,Pakistan,73.135,31.4504
0,995.5,2024-06-17:18,1718647200,70.1,0,209,0,0,0,0,291,105.2,0,2,0,13.7,0,2024-06-17T18:00:00,2024-06-17T23:00:00,SSW,41,n,974.5,0,97.8,0,14.9,0,7.3,south-southwest,Clear Sky,800,c01n,Faisalābād,Pakistan,73.135,31.4504
0,995.5,2024-06-17:21,1718658000,68.2,0,230,0,0,0,0,289.8,99.9,0,0,0,15.5,0,2024-06-17T21:00:00,2024-06-18T02:00:00,SW,42,n,974.5,0,94.9,0,14.9,0,6.8,southwest,Clear Sky,800,c01n,Faisalābād,Pakistan,73.135,31.4504
0,996.5,2024-06-18:00,1718668800,67,0,234,0,0,0,0,291.5,93.3,0,8,0,8.1,0,2024-06-18T00:00:00,2024-06-18T05:00:00,SW,47,n,975.5,0,90,0,14.9,0,4,southwest,Few clouds,801,c02n,Faisalābād,Pakistan,73.135,31.4504
513.9805,998,2024-06-18:03,1718679600,69.6,3.6,171,545.41,96.89,0,0,292,103.2,0,24,0,4.9,794.3,2024-06-18T03:00:00,2024-06-18T08:00:00,S,42,d,977,0,96.5,0,14.9,0,1,south,Few clouds,801,c02d,Faisalābād,Pakistan,73.135,31.4504
940.65826,996.5,2024-06-18:06,1718690400,68.7,10.4,194,997,122.88,0,0,290.8,116.5,0,0,0,10.9,924.04,2024-06-18T06:00:00,2024-06-18T11:00:00,SSW,29,d,975.5,0,107.8,0,14.9,0,4.6,south-southwest,Clear Sky,800,c01d,Faisalābād,Pakistan,73.135,31.4504
886.09625,993,2024-06-18:09,1718701200,63.5,9,163,930.09,119.65,0,0,293.8,119.7,0,0,0,13.9,909.61,2024-06-18T09:00:00,2024-06-18T14:00:00,SSE,20,d,972.5,0,114.5,0,14.9,0,6.7,south-southeast,Clear Sky,800,c01d,Faisalābād,Pakistan,73.135,31.4504
376.2612,991,2024-06-18:12,1718712000,65,2.5,221,395.61,84.91,0,0,294.5,119.1,0,0,0,15.4,722.23,2024-06-18T12:00:00,2024-06-18T17:00:00,SW,22,d,970.5,0,112.9,0,14.9,0,6.2,southwest,Clear Sky,800,c01d,Faisalābād,Pakistan,73.135,31.4504
0,991.5,2024-06-18:15,1718722800,70.4,0,182,0,0,0,0,294.3,112.8,0,45,0,6.4,0,2024-06-18T15:00:00,2024-06-18T20:00:00,S,35,n,971,0,103.5,0,14.9,0,2.5,south,Scattered clouds,802,c02n,Faisalābād,Pakistan,73.135,31.4504
0,992.5,2024-06-18:18,1718733600,67.9,0,172,0,0,0,0,291.5,103.2,0,47,0,9.2,0,2024-06-18T18:00:00,2024-06-18T23:00:00,S,38,n,971.5,0,97.8,0,14.9,0,4.9,south,Scattered clouds,802,c02n,Faisalābād,Pakistan,73.135,31.4504
0,991.5,2024-06-18:21,1718744400,65.3,0,192,0,0,0,0,290.3,95.9,0,0,0,10.9,0,2024-06-18T21:00:00,2024-06-19T02:00:00,SSW,40,n,971,0,93.3,0,14.9,0,6,south-southwest,Clear Sky,800,c01n,Faisalābād,Pakistan,73.135,31.4504
0,993.5,2024-06-19:00,1718755200,71.6,0,339,0,0,0.015,25,289.3,94.2,0,37,0,13.3,0,2024-06-19T00:00:00,2024-06-19T05:00:00,NNW,59,n,972.5,0,87.7,0,14.9,10,2.9,north-northwest,Few clouds,801,c02n,Faisalābād,Pakistan,73.135,31.4504
510.8909,995,2024-06-19:03,1718766000,71.5,3.6,73,544.69,96.83,0,0,289.3,102.9,0,0,0,13.5,793.92,2024-06-19T03:00:00,2024-06-19T08:00:00,ENE,47,d,974,0,94.9,0,14.9,0,6.7,east-northeast,Clear Sky,800,c01d,Faisalābād,Pakistan,73.135,31.4504
942.5942,994,2024-06-19:06,1718776800,67.7,10.4,97,996.64,122.85,0,0,288,110,0,50,0,29.7,923.87,2024-06-19T06:00:00,2024-06-19T11:00:00,E,32,d,973.5,0,103.4,0,14.9,0,14.9,east,Scattered clouds,802,c02d,Faisalābād,Pakistan,73.135,31.4504
883.1208,987.5,2024-06-19:09,1718787600,66,9,152,930.42,119.66,0.001,15,289.3,119.8,0,0,0,13.9,909.59,2024-06-19T09:00:00,2024-06-19T14:00:00,SSE,23,d,969,0,112.7,0,14.9,0,9.4,south-southeast,Clear Sky,800,c01d,Faisalābād,Pakistan,73.135,31.4504
374.93927,984.9,2024-06-19:12,1718798400,60.8,2,196,396.42,84.98,0,0,289.8,117.9,0,28,0,12.5,722.63,2024-06-19T12:00:00,2024-06-19T17:00:00,SSW,18,d,966.5,0,114.9,28,14.9,0,10.2,south-southwest,Scattered clouds,802,c02d,Faisalābād,Pakistan,73.135,31.4504
0,985.1,2024-06-19:15,1718809200,60.1,0,209,0,0,0,0,290,110.6,0,2,0,22.2,0,2024-06-19T15:00:00,2024-06-19T20:00:00,SSW,21,n,966.5,0,108.6,2,14.9,0,11.5,south-southwest,Few clouds,801,c02n,Faisalābād,Pakistan,73.135,31.4504
0,997,2024-06-14:18,1718388000,79.3,0,186,0,0,0,0,294.5,105.9,0,18,0,5.8,0,2024-06-14T18:00:00,2024-06-14T23:00:00,S,72,n,983,0,89.5,0,14.9,3,2.4,south,Few clouds,801,c02n,Multān,Pakistan,71.4886,30.1864
0,996,2024-06-14:21,1718398800,73,0,201,0,0,0,0,293.5,97.3,0,0,0,9.6,0,2024-06-14T21:00:00,2024-06-15T02:00:00,SSW,59,n,982,0,89.2,0,14.9,0,4.7,south-southwest,Clear Sky,800,c01n,Multān,Pakistan,71.4886,30.1864
0,997,2024-06-15:00,1718409600,71.9,0,198,0,0,0,0,292,95.4,0,0,0,10.4,0,2024-06-15T00:00:00,2024-06-15T05:00:00,SSW,58,n,983,0,88.5,0,14.9,5,5,south-southwest,Clear Sky,800,c01n,Multān,Pakistan,71.4886,30.1864
484.471,998.5,2024-06-15:03,1718420400,74.8,3.4,206,520.57,95.25,0,0,293.8,106.6,0,0,0,18.1,783.64,2024-06-15T03:00:00,2024-06-15T08:00:00,SSW,53,d,984.5,0,94.7,0,14.9,0,8,south-southwest,Clear Sky,800,c01d,Multān,Pakistan,71.4886,30.1864
927.35724,998,2024-06-15:06,1718431200,73.5,10.3,219,991.85,122.88,0,0,290.8,120.9,0,0,0,22.6,922.88,2024-06-15T06:00:00,2024-06-15T11:00:00,SW,35,d,984.5,0,107,0,14.9,0,9.1,southwest,Clear Sky,800,c01d,Multān,Pakistan,71.4886,30.1864
890.46265,996,2024-06-15:09,1718442000,68.9,9.3,208,943.4,120.54,0,0,290.5,121.6,0,49,0,18.2,912.46,2024-06-15T09:00:00,2024-06-15T14:00:00,SSW,26,d,982.5,0,111.8,0,14.9,0,7.4,south-southwest,Scattered clouds,802,c02d,Multān,Pakistan,71.4886,30.1864
393.54468,995,2024-06-15:12,1718452800,62.4,2.6,211,412.27,86.54,0,0,288.8,115.3,0,46,0,17.7,731.22,2024-06-15T12:00:00,2024-06-15T17:00:00,SSW,21,d,981,0,111.4,0,14.9,0,5.4,south-southwest,Scattered clouds,802,c02d,Multān,Pakistan,71.4886,30.1864
0,996,2024-06-15:15,1718463600,64.1,0,224,0,0,0,0,289.8,108.9,0,30,0,11.9,0,2024-06-15T15:00:00,2024-06-15T20:00:00,SW,27,n,982,0,104.8,0,14.9,14,4.5,southwest,Few clouds,801,c02n,Multān,Pakistan,71.4886,30.1864
0,997,2024-06-15:18,1718474400,70.8,0,215,0,0,0,0,288.3,105,0,0,0,7.6,0,2024-06-15T18:00:00,2024-06-15T23:00:00,SW,43,n,983.5,0,97.1,0,14.9,4,3.6,southwest,Clear Sky,800,c01n,Multān,Pakistan,71.4886,30.1864
0,997,2024-06-15:21,1718485200,69.3,0,210,0,0,0,0,290.3,99.6,0,0,0,10.9,0,2024-06-15T21:00:00,2024-06-16T02:00:00,SSW,45,n,983,0,93.9,0,14.9,42,5.1,south-southwest,Few clouds,801,c02n,Multān,Pakistan,71.4886,30.1864
0,998,2024-06-16:00,1718496000,66.5,0,201,0,0,0,0,290.5,95.5,0,0,0,14.2,0,2024-06-16T00:00:00,2024-06-16T05:00:00,SSW,43,n,984,0,92.2,1,14.9,94,6.4,south-southwest,Overcast clouds,804,c04n,Multān,Pakistan,71.4886,30.1864
477.79044,999.5,2024-06-16:03,1718506800,70.6,2.6,204,519.95,95.2,0,0,291,103.4,0,0,0,17.4,783.28,2024-06-16T03:00:00,2024-06-16T08:00:00,SSW,44,d,985.5,0,96,33,14.9,53,7.6,south-southwest,Scattered clouds,802,c02d,Multān,Pakistan,71.4886,30.1864
931.98517,999,2024-06-16:06,1718517600,70.6,10.3,213,991.5,122.85,0,0,290.5,118.4,0,0,0,23.2,922.68,2024-06-16T06:00:00,2024-06-16T11:00:00,SSW,31,d,985,0,107.8,0,14.9,1,9.4,south-southwest,Clear Sky,800,c01d,Multān,Pakistan,71.4886,30.1864
890.7812,996.5,2024-06-16:09,1718528400,69.3,9.3,207,943.75,120.55,0,0,291.5,124.4,0,13,0,20.7,912.42,2024-06-16T09:00:00,2024-06-16T14:00:00,SSW,25,d,983,0,113.7,0,14.9,0,8.4,south-southwest,Few clouds,801,c02d,Multān,Pakistan,71.4886,30.1864
391.68634,995,2024-06-16:12,1718539200,67.2,2.6,214,413.2,86.61,0,0,289,120.8,0,32,0,19.8,731.64,2024-06-16T12:00:00,2024-06-16T17:00:00,SW,24,d,981.5,0,112.6,0,14.9,0,7.7,southwest,Few clouds,801,c02d,Multān,Pakistan,71.4886,30.1864
0,995.5,2024-06-16:15,1718550000,66.7,0,213,0,0,0,0,288,111.7,0,0,0,13.4,0,2024-06-16T15:00:00,2024-06-16T20:00:00,SSW,29,n,982,0,105.5,0,14.9,0,5.2,south-southwest,Clear Sky,800,c01n,Multān,Pakistan,71.4886,30.1864
0,996.5,2024-06-16:18,1718560800,64.9,0,197,0,0,0,0,288.3,103.7,0,0,0,15.7,0,2024-06-16T18:00:00,2024-06-16T23:00:00,SSW,32,n,983,0,100.1,0,14.9,0,7.2,south-southwest,Clear Sky,800,c01n,Multān,Pakistan,71.4886,30.1864
0,996.5,2024-06-16:21,1718571600,63.9,0,205,0,0,0,0,287.5,99.3,0,0,0,16.9,0,2024-06-16T21:00:00,2024-06-17T02:00:00,SSW,34,n,983,0,97,0,14.9,0,7.7,south-southwest,Clear Sky,800,c01n,Multān,Pakistan,71.4886,30.1864
0,997,2024-06-17:00,1718582400,66.7,0,199,0,0,0,0,287.8,98.6,0,0,0,18.4,0,2024-06-17T00:00:00,2024-06-17T05:00:00,SSW,40,n,983.5,0,94.8,0,14.9,0,8,south-southwest,Clear Sky,800,c01n,Multān,Pakistan,71.4886,30.1864
489.62726,998.5,2024-06-17:03,1718593200,69.4,3.4,198,519.29,95.14,0,0,291,104.5,0,0,0,22.2,782.91,2024-06-17T03:00:00,2024-06-17T08:00:00,SSW,40,d,984.5,0,97.8,0,14.9,0,9.7,south-southwest,Clear Sky,800,c01d,Multān,Pakistan,71.4886,30.1864
931.238,998,2024-06-17:06,1718604000,70.9,10.3,208,991.13,122.82,0,0,287.3,119.2,0,0,0,25.5,922.49,2024-06-17T06:00:00,2024-06-17T11:00:00,SSW,31,d,984.5,0,108.1,0,14.9,0,10.6,south-southwest,Clear Sky,800,c01d,Multān,Pakistan,71.4886,30.1864
892.59735,995.5,2024-06-17:09,1718614800,67.8,9.3,211,944.08,120.55,0,0,287,124,0,0,0,21.6,912.38,2024-06-17T09:00:00,2024-06-17T14:00:00,SSW,23,d,982,0,114.8,0,14.9,0,8.9,south-southwest,Clear Sky,800,c01d,Multān,Pakistan,71.4886,30.1864
393.84238,993.5,2024-06-17:12,1718625600,64.7,2.6,202,414.1,86.68,0,0,286.5,120.5,0,0,0,20.1,732.05,2024-06-17T12:00:00,2024-06-17T17:00:00,SSW,21,d,980,0,114.3,0,14.9,0,8.1,south-southwest,Clear Sky,800,c01d,Multān,Pakistan,71.4886,30.1864
0,994.5,2024-06-17:15,1718636400,66.7,0,192,0,0,0,0,289,113.2,0,0,0,16.6,0,2024-06-17T15:00:00,2024-06-17T20:00:00,SSW,28,n,981,0,106.7,0,14.9,0,6.6,south-southwest,Clear Sky,800,c01n,Multān,Pakistan,71.4886,30.1864
0,995.5,2024-06-17:18,1718647200,66.5,0,202,0,0,0,0,286.5,106,0,5,0,19.8,0,2024-06-17T18:00:00,2024-06-17T23:00:00,SSW,33,n,981.5,0,101,0,14.9,0,9,south-southwest,Clear Sky,800,c01n,Multān,Pakistan,71.4886,30.1864
0,994.5,2024-06-17:21,1718658000,67,0,207,0,0,0,0,287.8,103.4,0,0,0,24.6,0,2024-06-17T21:00:00,2024-06-18T02:00:00,SSW,36,n,981,0,98.5,0,14.9,0,11.1,south-southwest,Clear Sky,800,c01n,Multān,Pakistan,71.4886,30.1864
0,994.5,2024-06-18:00,1718668800,69.1,0,211,0,0,0,0,288.8,101.9,0,0,0,23.6,0,2024-06-18T00:00:00,2024-06-18T05:00:00,SSW,42,n,980.5,0,95.9,0,14.9,0,10.2,south-southwest,Clear Sky,800,c01n,Multān,Pakistan,71.4886,30.1864
485.58136,997,2024-06-18:03,1718679600,72.4,3.4,227,518.59,95.08,0,0,288.5,107.9,0,0,0,23.1,782.52,2024-06-18T03:00:00,2024-06-18T08:00:00,SW,44,d,983,0,98,0,14.9,0,10.2,southwest,Clear Sky,800,c01d,Multān,Pakistan,71.4886,30.1864
933.9773,995.5,2024-06-18:06,1718690400,69.8,10.2,245,990.75,122.79,0,0,289.3,119.4,0,0,0,23.5,922.3,2024-06-18T06:00:00,2024-06-18T11:00:00,WSW,29,d,982,0,109.2,0,14.9,0,8.7,west-southwest,Clear Sky,800,c01d,Multān,Pakistan,71.4886,30.1864
897.4444,992.5,2024-06-18:09,1718701200,66,9.3,236,944.4,120.56,0,0,289.8,123.3,0,0,0,18,912.34,2024-06-18T09:00:00,2024-06-18T14:00:00,SW,21,d,979,0,115.8,0,14.9,0,7.4,southwest,Clear Sky,800,c01d,Multān,Pakistan,71.4886,30.1864
399.38574,990.5,2024-06-18:12,1718712000,56.7,2.6,219,414.95,86.75,0,0,289,116.5,0,0,0,17.6,732.44,2024-06-18T12:00:00,2024-06-18T17:00:00,SW,15,d,977,0,116.2,0,14.9,0,7.1,southwest,Clear Sky,800,c01d,Multān,Pakistan,71.4886,30.1864
0,991,2024-06-18:15,1718722800,61.7,0,194,0,0,0,0,289,110.4,0,0,0,14,0,2024-06-18T15:00:00,2024-06-18T20:00:00,SSW,23,n,977.5,0,107.5,0,14.9,0,6.8,south-southwest,Clear Sky,800,c01n,Multān,Pakistan,71.4886,30.1864
0,992.5,2024-06-18:18,1718733600,64.2,0,208,0,0,0.001,15,291.5,104.9,0,0,0,16.6,0,2024-06-18T18:00:00,2024-06-18T23:00:00,SSW,30,n,978.5,0,101.5,0,14.9,0,7.9,south-southwest,Clear Sky,800,c01n,Multān,Pakistan,71.4886,30.1864
0,991.5,2024-06-18:21,1718744400,70.6,0,211,0,0,0,0,290.5,106.4,0,4,0,24.1,0,2024-06-18T21:00:00,2024-06-19T02:00:00,SSW,41,n,978,0,98.4,0,14.9,0,11.2,south-southwest,Clear Sky,800,c01n,Multān,Pakistan,71.4886,30.1864
0,991.5,2024-06-19:00,1718755200,72.2,0,209,0,0,0,0,290.3,103.7,0,0,0,24.1,0,2024-06-19T00:00:00,2024-06-19T05:00:00,SSW,48,n,978,0,94.9,0,14.9,0,9.9,south-southwest,Clear Sky,800,c01n,Multān,Pakistan,71.4886,30.1864
485.56894,993.5,2024-06-19:03,1718766000,71.9,3.4,230,517.85,95.01,0,0,289,105.8,0,0,0,21,782.12,2024-06-19T03:00:00,2024-06-19T08:00:00,SW,45,d,980,0,96.8,0,14.9,0,8.7,southwest,Clear Sky,800,c01d,Multān,Pakistan,71.4886,30.1864
926.7975,993,2024-06-19:06,1718776800,72.9,10.2,219,990.36,122.76,0,0,288.5,119.2,0,0,0,15.9,922.11,2024-06-19T06:00:00,2024-06-19T11:00:00,SW,35,d,979,0,106.3,0,14.9,0,5,southwest,Clear Sky,800,c01d,Multān,Pakistan,71.4886,30.1864
900.98865,988.4,2024-06-19:09,1718787600,63.3,9.3,216,944.71,120.56,0,0,289,119.3,0,0,0,10.8,912.31,2024-06-19T09:00:00,2024-06-19T14:00:00,SW,20,d,975.5,0,114.3,0,14.9,0,10.7,southwest,Clear Sky,800,c01d,Multān,Pakistan,71.4886,30.1864
398.53464,985.9,2024-06-19:12,1718798400,60.2,2.6,200,415.76,86.81,0,0,289,118.9,0,0,0,12.1,732.8,2024-06-19T12:00:00,2024-06-19T17:00:00,SSW,17,d,973,0,116.2,0,14.9,0,12.7,south-southwest,Clear Sky,800,c01d,Multān,Pakistan,71.4886,30.1864
0,987,2024-06-19:15,1718809200,60.9,0,196,0,0,0,0,289,114.2,0,1,0,18.3,0,2024-06-19T15:00:00,2024-06-19T20:00:00,SSW,20,n,974,0,111.3,1,14.9,0,11.1,south-southwest,Clear Sky,800,c01n,Multān,Pakistan,71.4886,30.1864
0,997,2024-06-14:18,1718388000,66.1,0,311,0,0,0,0,292.3,97.4,0,0,0,4.7,0,2024-06-14T18:00:00,2024-06-14T23:00:00,NW,40,n,974,0,94.1,0,14.9,6,2.7,northwest,Clear Sky,800,c01n,Sheikhupura,Pakistan,73.985,31.7167
0,996.5,2024-06-14:21,1718398800,66.2,0,37,0,0,0,0,293.3,93.3,0,47,0,5,0,2024-06-14T21:00:00,2024-06-15T02:00:00,NE,45,n,973.5,0,90.5,44,14.9,82,2.3,northeast,Overcast clouds,804,c04n,Sheikhupura,Pakistan,73.985,31.7167
1.6620506,997.5,2024-06-15:00,1718409600,71,0,306,0.09,1.61,0,0,294.5,93.4,0,0,0,5.1,0.21,2024-06-15T00:00:00,2024-06-15T05:00:00,NW,58,n,974.5,0,87.6,0,14.9,0,1.9,northwest,Clear Sky,800,c01n,Sheikhupura,Pakistan,73.985,31.7167
530.73816,999.5,2024-06-15:03,1718420400,70.5,3.8,279,564.65,98.2,0,0,296,101.4,0,0,0,10.7,802.58,2024-06-15T03:00:00,2024-06-15T08:00:00,W,46,d,976.5,0,94.5,0,14.9,4,5.3,west,Clear Sky,800,c01d,Sheikhupura,Pakistan,73.985,31.7167
950.8089,998.5,2024-06-15:06,1718431200,67.4,10.5,281,1003.65,123.12,0,0,295,113.5,0,0,0,16.8,926.01,2024-06-15T06:00:00,2024-06-15T11:00:00,W,29,d,976,0,106.4,0,14.9,0,7.7,west,Clear Sky,800,c01d,Sheikhupura,Pakistan,73.985,31.7167
799.50134,996.5,2024-06-15:09,1718442000,62.6,5.8,287,919.26,119.04,0.001,15,293.8,113.9,0,39,0,13.7,907.76,2024-06-15T09:00:00,2024-06-15T14:00:00,WNW,22,d,974,0,110,50,14.9,100,6.6,west-northwest,Overcast clouds,804,c04d,Sheikhupura,Pakistan,73.985,31.7167
356.0054,996.5,2024-06-15:12,1718452800,66.9,2.4,243,375.79,83.06,0,0,293.5,109.3,0,0,0,33.8,711.17,2024-06-15T12:00:00,2024-06-15T17:00:00,WSW,31,d,973.5,0,103.4,0,14.9,0,12.8,west-southwest,Clear Sky,800,c01d,Sheikhupura,Pakistan,73.985,31.7167
0,996.5,2024-06-15:15,1718463600,69.2,0,247,0,0,0,0,293,105.1,0,0,0,13.8,0,2024-06-15T15:00:00,2024-06-15T20:00:00,WSW,39,n,973.5,0,98.4,0,14.9,0,6,west-southwest,Clear Sky,800,c01n,Sheikhupura,Pakistan,73.985,31.7167
0,996.5,2024-06-15:18,1718474400,69.1,0,264,0,0,0,0,291,99.2,0,0,0,8.9,0,2024-06-15T18:00:00,2024-06-15T23:00:00,W,45,n,974,0,93.7,0,14.9,0,4.7,west,Clear Sky,800,c01n,Sheikhupura,Pakistan,73.985,31.7167
0,997,2024-06-15:21,1718485200,69.8,0,254,0,0,0,0,290.3,96.5,0,0,0,6,0,2024-06-15T21:00:00,2024-06-16T02:00:00,WSW,50,n,974,0,91,0,14.9,0,3.1,west-southwest,Clear Sky,800,c01n,Sheikhupura,Pakistan,73.985,31.7167
1.4782338,998,2024-06-16:00,1718496000,69.5,0,227,0.07,1.44,0,0,289.3,94.5,0,0,0,8.6,0.14,2024-06-16T00:00:00,2024-06-16T05:00:00,SW,52,n,975,0,89.5,0,14.9,0,4.1,southwest,Clear Sky,800,c01n,Sheikhupura,Pakistan,73.985,31.7167
529.86914,999.5,2024-06-16:03,1718506800,70.7,3.8,265,564.06,98.15,0,0,290.3,103.6,0,0,0,9.9,802.24,2024-06-16T03:00:00,2024-06-16T08:00:00,W,44,d,977,0,96.1,0,14.9,0,4.8,west,Clear Sky,800,c01d,Sheikhupura,Pakistan,73.985,31.7167
950.55035,999,2024-06-16:06,1718517600,67.1,10.5,278,1003.35,123.09,0,0,290,115.8,0,0,0,18,925.83,2024-06-16T06:00:00,2024-06-16T11:00:00,W,27,d,976,0,108.4,0,14.9,0,8.2,west,Clear Sky,800,c01d,Sheikhupura,Pakistan,73.985,31.7167
880.6759,996.5,2024-06-16:09,1718528400,61.3,8.8,270,919.67,119.04,0,0,291,116.9,0,33,0,16.7,907.73,2024-06-16T09:00:00,2024-06-16T14:00:00,W,19,d,974,0,113.6,0,14.9,0,8.1,west,Few clouds,801,c02d,Sheikhupura,Pakistan,73.985,31.7167
362.2228,994.5,2024-06-16:12,1718539200,57.5,2.4,273,376.74,83.14,0,0,291.8,113.5,0,44,0,17.4,711.66,2024-06-16T12:00:00,2024-06-16T17:00:00,W,17,d,972.5,0,112.7,0,14.9,0,8,west,Scattered clouds,802,c02d,Sheikhupura,Pakistan,73.985,31.7167
0,995.5,2024-06-16:15,1718550000,61.9,0,244,0,0,0,0,291.8,107.4,0,35,0,7.3,0,2024-06-16T15:00:00,2024-06-16T20:00:00,WSW,25,n,972.5,0,104.8,0,14.9,0,3.6,west-southwest,Few clouds,801,c02n,Sheikhupura,Pakistan,73.985,31.7167
0,996,2024-06-16:18,1718560800,63.4,0,238,0,0,0,0,292.3,100.7,0,0,0,8.5,0,2024-06-16T18:00:00,2024-06-16T23:00:00,WSW,32,n,973.5,0,98.4,0,14.9,0,4.7,west-southwest,Clear Sky,800,c01n,Sheikhupura,Pakistan,73.985,31.7167
0,996,2024-06-16:21,1718571600,64.9,0,233,0,0,0,0,290,97.9,0,0,0,12.5,0,2024-06-16T21:00:00,2024-06-17T02:00:00,SW,37,n,973.5,0,95.3,0,14.9,0,6.8,southwest,Clear Sky,800,c01n,Sheikhupura,Pakistan,73.985,31.7167
1.2671125,997.5,2024-06-17:00,1718582400,64.9,0,245,0.05,1.24,0,0,291.8,96.1,0,0,0,15.5,0.08,2024-06-17T00:00:00,2024-06-17T05:00:00,WSW,39,n,974.5,0,93.7,0,14.9,3,7.8,west-southwest,Clear Sky,800,c01n,Sheikhupura,Pakistan,73.985,31.7167
534.525,999,2024-06-17:03,1718593200,66,3.8,253,563.42,98.1,0,0,292.3,102.5,0,0,0,17.2,801.9,2024-06-17T03:00:00,2024-06-17T08:00:00,WSW,35,d,976,0,98.4,0,14.9,0,8.6,west-southwest,Clear Sky,800,c01d,Sheikhupura,Pakistan,73.985,31.7167
952.4678,998,2024-06-17:06,1718604000,65.3,10.5,254,1003.04,123.06,0,0,291,116.3,0,0,0,21.2,925.65,2024-06-17T06:00:00,2024-06-17T11:00:00,WSW,24,d,975.5,0,110.3,0,14.9,0,9.7,west-southwest,Clear Sky,800,c01d,Sheikhupura,Pakistan,73.985,31.7167
880.44763,995.5,2024-06-17:09,1718614800,61.3,8.8,244,920.05,119.05,0,0,288.8,119,0,56,0,15.2,907.71,2024-06-17T09:00:00,2024-06-17T14:00:00,WSW,18,d,973,0,115.5,0,14.9,0,6.9,west-southwest,Scattered clouds,802,c02d,Sheikhupura,Pakistan,73.985,31.7167
363.4406,993.5,2024-06-17:12,1718625600,57.1,2.4,281,377.65,83.22,0,0,290.5,114.9,0,51,0,14,712.13,2024-06-17T12:00:00,2024-06-17T17:00:00,W,16,d,971.5,0,114.4,0,14.9,0,6.9,west,Scattered clouds,802,c02d,Sheikhupura,Pakistan,73.985,31.7167
0,994.5,2024-06-17:15,1718636400,63.9,0,320,0,0,0,0,291.5,111.5,0,0,0,6.8,0,2024-06-17T15:00:00,2024-06-17T20:00:00,NW,25,n,972,0,107.2,0,14.9,0,1.6,northwest,Clear Sky,800,c01n,Sheikhupura,Pakistan,73.985,31.7167
0,995.5,2024-06-17:18,1718647200,70.4,0,221,0,0,0,0,292.5,109.3,0,0,0,1.9,0,2024-06-17T18:00:00,2024-06-17T23:00:00,SW,38,n,973,0,100.7,0,14.9,0,1.4,southwest,Clear Sky,800,c01n,Sheikhupura,Pakistan,73.985,31.7167
0,995.5,2024-06-17:21,1718658000,68.9,0,256,0,0,0,0,292.3,103.5,0,0,0,11.1,0,2024-06-17T21:00:00,2024-06-18T02:00:00,WSW,40,n,973,0,97.3,0,12,0,6.1,west-southwest,Clear Sky,800,c01n,Sheikhupura,Pakistan,73.985,31.7167
1.0188571,996.5,2024-06-18:00,1718668800,69.2,0,270,0.03,1.01,0,0,291.8,100.3,0,0,0,10.5,0.03,2024-06-18T00:00:00,2024-06-18T05:00:00,W,44,n,973.5,0,94.5,0,14.9,0,4.9,west,Clear Sky,800,c01n,Sheikhupura,Pakistan,73.985,31.7167
530.9581,997.5,2024-06-18:03,1718679600,68.9,3.8,287,562.74,98.04,0,0,292.5,106.7,0,27,0,8.5,801.54,2024-06-18T03:00:00,2024-06-18T08:00:00,WNW,37,d,975,0,99.9,0,14.9,0,3.9,west-northwest,Few clouds,801,c02d,Sheikhupura,Pakistan,73.985,31.7167
959.07996,996,2024-06-18:06,1718690400,61.6,10.5,128,1002.72,123.04,0,0,293.3,113.7,0,0,0,4.4,925.47,2024-06-18T06:00:00,2024-06-18T11:00:00,SE,21,d,973.5,0,110.5,0,14.9,0,0.6,southeast,Clear Sky,800,c01d,Sheikhupura,Pakistan,73.985,31.7167
877.5074,992.5,2024-06-18:09,1718701200,63,8.8,217,920.43,119.06,0,0,294.5,120.4,0,0,0,11.5,907.69,2024-06-18T09:00:00,2024-06-18T14:00:00,SW,19,d,970.5,0,115.6,0,14.9,0,5.6,southwest,Clear Sky,800,c01d,Sheikhupura,Pakistan,73.985,31.7167
362.97858,991,2024-06-18:12,1718712000,60,2.4,254,378.52,83.29,0,0,296.3,116.3,0,8,0,14,712.57,2024-06-18T12:00:00,2024-06-18T17:00:00,WSW,18,d,968.5,0,113.8,0,14.9,0,6.5,west-southwest,Few clouds,801,c02d,Sheikhupura,Pakistan,73.985,31.7167
0,991.5,2024-06-18:15,1718722800,63.3,0,243,0,0,0,0,293.3,110.2,0,5,0,6.2,0,2024-06-18T15:00:00,2024-06-18T20:00:00,WSW,25,n,969,0,106.5,0,14.9,0,3.5,west-southwest,Clear Sky,800,c01n,Sheikhupura,Pakistan,73.985,31.7167
0,992.5,2024-06-18:18,1718733600,69,0,181,0,0,0,0,293,108,0,8,0,8.3,0,2024-06-18T18:00:00,2024-06-18T23:00:00,S,36,n,969.5,0,100.9,0,8.4,0,2.1,south,Few clouds,801,c02n,Sheikhupura,Pakistan,73.985,31.7167
0,992,2024-06-18:21,1718744400,68.1,0,217,0,0,0.007,15,293.8,101.7,0,5,0,9.5,0,2024-06-18T21:00:00,2024-06-19T02:00:00,SW,40,n,969,0,96.4,0,14.9,0,5.3,southwest,Clear Sky,800,c01n,Sheikhupura,Pakistan,73.985,31.7167
0.75328386,993.5,2024-06-19:00,1718755200,66.1,0,302,0.02,0.75,0,0,289.8,97.4,0,29,0,14.1,0.01,2024-06-19T00:00:00,2024-06-19T05:00:00,WNW,40,n,971,0,94.2,57,14.9,91,4.9,west-northwest,Overcast clouds,804,c04n,Sheikhupura,Pakistan,73.985,31.7167
459.14877,995,2024-06-19:03,1718766000,69.5,2.3,50,562.02,97.98,0.007,15,292.3,100,0,42,0,23.1,801.18,2024-06-19T03:00:00,2024-06-19T08:00:00,NE,45,d,972,0,94.1,56,12.1,97,6.4,northeast,Overcast clouds,804,c04d,Sheikhupura,Pakistan,73.985,31.7167
950.5666,994.5,2024-06-19:06,1718776800,66,10.5,94,1002.37,123.01,0,0,291.5,106.2,0,39,0,27.3,925.3,2024-06-19T06:00:00,2024-06-19T11:00:00,E,32,d,972,0,101.4,0,14.9,0,13,east,Few clouds,801,c02d,Sheikhupura,Pakistan,73.985,31.7167
883.2623,989.1,2024-06-19:09,1718787600,59.7,8.8,188,920.78,119.07,0.002,15,292.3,113.7,0,0,0,10.3,907.67,2024-06-19T09:00:00,2024-06-19T14:00:00,S,19,d,967,0,111.6,0,14.9,0,11.4,south,Clear Sky,800,c01d,Sheikhupura,Pakistan,73.985,31.7167
362.06512,987,2024-06-19:12,1718798400,62.9,2.4,236,379.34,83.36,0,0,291.5,116.3,0,0,0,14.1,712.99,2024-06-19T12:00:00,2024-06-19T17:00:00,SW,21,d,965,0,112,0,14.9,0,6,southwest,Clear Sky,800,c01d,Sheikhupura,Pakistan,73.985,31.7167
0,987.2,2024-06-19:15,1718809200,62.9,0,250,0,0,0.001,15,290.3,111.2,18,100,0,6.1,0,2024-06-19T15:00:00,2024-06-19T20:00:00,WSW,24,n,965,0,107.5,100,12.5,68,4.7,west-southwest,Overcast clouds,804,c04n,Sheikhupura,Pakistan,73.985,31.7167
0,1001.5,2024-06-14:18,1718388000,77.4,0,171,0,0,0,0,285,100.9,0,0,0,12,0,2024-06-14T18:00:00,2024-06-14T23:00:00,S,71,n,978.5,0,88,0,14.9,0,7.7,south,Clear Sky,800,c01n,Turbat,Pakistan,63.0383,26.0081
0,1000.5,2024-06-14:21,1718398800,77.8,0,191,0,0,0,0,283.8,95.9,42,0,0,9.1,0,2024-06-14T21:00:00,2024-06-15T02:00:00,S,80,n,978,0,84.7,0,14.9,0,4.8,south,Few clouds,801,c02n,Turbat,Pakistan,63.0383,26.0081
0,1001,2024-06-15:00,1718409600,77.4,0,170,0,0,0,0,285.5,94,45,55,0,6.5,0,2024-06-15T00:00:00,2024-06-15T05:00:00,S,81,n,978,0,83.9,0,14.9,0,3.6,south,Scattered clouds,802,c02n,Turbat,Pakistan,63.0383,26.0081
326.09302,1002.5,2024-06-15:03,1718420400,76.8,1.6,173,383,83.86,0,0,288.5,95.6,36,68,0,8,714.87,2024-06-15T03:00:00,2024-06-15T08:00:00,S,76,d,980,0,85.2,48,14.9,0,4.6,south,Overcast clouds,804,c04d,Turbat,Pakistan,63.0383,26.0081
873.8267,1001.5,2024-06-15:06,1718431200,75.4,9.2,189,940.61,120.3,0,0,289.3,105.7,37,38,0,9.8,912.09,2024-06-15T06:00:00,2024-06-15T11:00:00,S,56,d,979,0,93.5,0,14.9,0,5.1,south,Scattered clouds,802,c02d,Turbat,Pakistan,63.0383,26.0081
936.053,999,2024-06-15:09,1718442000,73.4,10.5,206,1001.9,123.24,0,0,291,117,0,4,0,17.1,925.2,2024-06-15T09:00:00,2024-06-15T14:00:00,SSW,38,d,976.5,0,104.1,0,14.9,0,10.9,south-southwest,Clear Sky,800,c01d,Turbat,Pakistan,63.0383,26.0081
486.13535,998,2024-06-15:12,1718452800,72.6,3.4,202,519.53,95.09,0,0,285,114.8,0,0,0,23.2,783.5,2024-06-15T12:00:00,2024-06-15T17:00:00,SSW,38,d,975.5,0,103.2,0,14.9,0,14.7,south-southwest,Clear Sky,800,c01d,Turbat,Pakistan,63.0383,26.0081
0,999.5,2024-06-15:15,1718463600,73.7,0,177,0,0,0,0,286.8,102.7,0,0,0,20.7,0,2024-06-15T15:00:00,2024-06-15T20:00:00,S,54,n,977,0,92.8,0,14.9,0,11.3,south,Clear Sky,800,c01n,Turbat,Pakistan,63.0383,26.0081
0,1002,2024-06-15:18,1718474400,76.3,0,191,0,0,0,0,285.5,97.1,0,0,0,10.6,0,2024-06-15T18:00:00,2024-06-15T23:00:00,S,72,n,979,0,86.5,0,14.9,0,6.1,south,Clear Sky,800,c01n,Turbat,Pakistan,63.0383,26.0081
0,1002,2024-06-15:21,1718485200,76.1,0,152,0,0,0,0,284.5,93,34,0,0,8.7,0,2024-06-15T21:00:00,2024-06-16T02:00:00,SSE,77,n,979,0,84.1,0,14.9,0,5.2,south-southeast,Few clouds,801,c02n,Turbat,Pakistan,63.0383,26.0081
0,1003,2024-06-16:00,1718496000,75.9,0,210,0,0,0,0,283.8,90.6,54,0,0,6,0,2024-06-16T00:00:00,2024-06-16T05:00:00,SSW,80,n,980,0,82.7,0,14.9,0,2.9,south-southwest,Scattered clouds,802,c02n,Turbat,Pakistan,63.0383,26.0081
355.4827,1003.5,2024-06-16:03,1718506800,75.2,2.5,277,382.34,83.79,0,0,287.3,92.1,57,0,0,3.6,714.39,2024-06-16T03:00:00,2024-06-16T08:00:00,W,75,d,981,0,84,0,14.9,0,1.3,west,Scattered clouds,802,c02d,Turbat,Pakistan,63.0383,26.0081
885.30396,1003,2024-06-16:06,1718517600,69.9,9.2,215,940.09,120.26,0,0,287,102,0,0,0,8.5,911.86,2024-06-16T06:00:00,2024-06-16T11:00:00,SW,44,d,980,0,95.3,0,14.9,0,4.1,southwest,Clear Sky,800,c01d,Turbat,Pakistan,63.0383,26.0081
1002.06,1000.5,2024-06-16:09,1718528400,49.7,10.5,242,1002.06,123.24,0,0,287.3,104.3,0,0,0,16.7,925.11,2024-06-16T09:00:00,2024-06-16T14:00:00,WSW,15,d,978,0,107.2,0,14.9,0,10.6,west-southwest,Clear Sky,800,c01d,Turbat,Pakistan,63.0383,26.0081
491.61963,999,2024-06-16:12,1718539200,68.3,3.4,222,520.38,95.15,0,0,285.3,112.6,0,0,0,24.5,783.77,2024-06-16T12:00:00,2024-06-16T17:00:00,SW,31,d,976.5,0,105.1,0,14.9,0,15.5,southwest,Clear Sky,800,c01d,Turbat,Pakistan,63.0383,26.0081
0,1000,2024-06-16:15,1718550000,70.8,0,206,0,0,0,0,284.8,101.4,0,0,0,21.3,0,2024-06-16T15:00:00,2024-06-16T20:00:00,SSW,47,n,977.5,0,94.2,0,14.9,0,11.5,south-southwest,Clear Sky,800,c01n,Turbat,Pakistan,63.0383,26.0081
0,1002.5,2024-06-16:18,1718560800,74.6,0,209,0,0,0,0,285.5,96.5,0,0,0,11.7,0,2024-06-16T18:00:00,2024-06-16T23:00:00,SSW,66,n,980,0,87.3,0,14.9,0,7.2,south-southwest,Clear Sky,800,c01n,Turbat,Pakistan,63.0383,26.0081
0,1002.5,2024-06-16:21,1718571600,75.4,0,212,0,0,0,0,279.8,92,0,0,0,6.6,0,2024-06-16T21:00:00,2024-06-17T02:00:00,SSW,76,n,979.5,0,83.8,0,14.9,0,3.9,south-southwest,Clear Sky,800,c01n,Turbat,Pakistan,63.0383,26.0081
0,1002.5,2024-06-17:00,1718582400,75.8,0,226,0,0,0,0,282,89.5,73,53,0,5.8,0,2024-06-17T00:00:00,2024-06-17T05:00:00,SW,81,n,980,0,82.2,67,14.9,0,2.6,southwest,Overcast clouds,804,c04n,Turbat,Pakistan,63.0383,26.0081
353.95334,1004,2024-06-17:03,1718593200,75.9,2.5,247,381.64,83.71,0,0,283.5,91.9,48,35,0,4.4,713.9,2024-06-17T03:00:00,2024-06-17T08:00:00,WSW,78,d,981,0,83.5,0,14.9,0,1.9,west-southwest,Scattered clouds,802,c02d,Turbat,Pakistan,63.0383,26.0081
875.99396,1003.5,2024-06-17:06,1718604000,74.3,9.2,220,939.56,120.22,0,0,280.5,104.2,7,44,0,11.7,911.62,2024-06-17T06:00:00,2024-06-17T11:00:00,SW,54,d,980.5,0,93.4,0,14.9,0,6.6,southwest,Scattered clouds,802,c02d,Turbat,Pakistan,63.0383,26.0081
951.89905,1000.5,2024-06-17:09,1718614800,65.4,10.5,226,1002.22,123.23,0,0,278.3,110.2,0,0,0,19.8,925.03,2024-06-17T09:00:00,2024-06-17T14:00:00,SW,28,d,978,0,105.1,0,14.9,0,12.6,southwest,Clear Sky,800,c01d,Turbat,Pakistan,63.0383,26.0081
489.1113,998,2024-06-17:12,1718625600,71.4,3.5,226,521.21,95.2,0,0,277.8,116.6,0,0,0,24.8,784.03,2024-06-17T12:00:00,2024-06-17T17:00:00,SW,34,d,976,0,105.6,0,14.9,0,15.6,southwest,Clear Sky,800,c01d,Turbat,Pakistan,63.0383,26.0081
0,1000,2024-06-17:15,1718636400,69.5,0,201,0,0,0,0,280.3,102.9,0,41,0,21.5,0,2024-06-17T15:00:00,2024-06-17T20:00:00,SSW,42,n,977.5,0,96.4,0,14.9,0,12.1,south-southwest,Few clouds,801,c02n,Turbat,Pakistan,63.0383,26.0081
0,1002,2024-06-17:18,1718647200,74,0,168,0,0,0,0,278.3,98.4,0,27,0,10.1,0,2024-06-17T18:00:00,2024-06-17T23:00:00,SSE,61,n,979.5,0,89.2,0,14.9,0,6.4,south-southeast,Few clouds,801,c02n,Turbat,Pakistan,63.0383,26.0081
0,1001.5,2024-06-17:21,1718658000,76.6,0,174,0,0,0,0,280.8,95.8,0,60,0,8.8,0,2024-06-17T21:00:00,2024-06-18T02:00:00,S,75,n,979,0,85.4,0,14.9,0,5.6,south,Scattered clouds,802,c02n,Turbat,Pakistan,63.0383,26.0081
0,1001.5,2024-06-18:00,1718668800,76.5,0,208,0,0,0,0,280.3,92.9,0,57,0,5.8,0,2024-06-18T00:00:00,2024-06-18T05:00:00,SSW,79,n,979,0,83.8,0,14.9,0,3.7,south-southwest,Scattered clouds,802,c02n,Turbat,Pakistan,63.0383,26.0081
352.5401,1002.5,2024-06-18:03,1718679600,77,2.5,211,380.9,83.64,0,0,282.8,95.5,0,0,0,5.8,713.38,2024-06-18T03:00:00,2024-06-18T08:00:00,SSW,77,d,980,0,85,0,14.9,0,2.8,south-southwest,Clear Sky,800,c01d,Turbat,Pakistan,63.0383,26.0081
876.3937,1001.5,2024-06-18:06,1718690400,74,9.2,205,939.03,120.18,0,0,284.3,108.6,0,0,0,10.8,911.4,2024-06-18T06:00:00,2024-06-18T11:00:00,SSW,48,d,979,0,97,0,14.9,0,5.9,south-southwest,Clear Sky,800,c01d,Turbat,Pakistan,63.0383,26.0081
947.27045,998.5,2024-06-18:09,1718701200,67.7,10.5,212,1002.39,123.23,0,0,282.8,117.2,0,0,0,18.7,924.95,2024-06-18T09:00:00,2024-06-18T14:00:00,SSW,27,d,976,0,109.2,0,14.9,0,11.9,south-southwest,Clear Sky,800,c01d,Turbat,Pakistan,63.0383,26.0081
490.2218,996,2024-06-18:12,1718712000,71.2,3.4,216,522.01,95.25,0,0,283.5,121.5,0,0,0,20,784.29,2024-06-18T12:00:00,2024-06-18T17:00:00,SW,30,d,974,0,109.6,0,14.9,0,11.5,southwest,Clear Sky,800,c01d,Turbat,Pakistan,63.0383,26.0081
0,997.5,2024-06-18:15,1718722800,70.9,0,227,0,0,0,0,281.3,112.8,0,0,0,27.2,0,2024-06-18T15:00:00,2024-06-18T20:00:00,SW,36,n,975,0,103.1,0,14.9,0,14,southwest,Clear Sky,800,c01n,Turbat,Pakistan,63.0383,26.0081
0,999,2024-06-18:18,1718733600,69.9,0,219,0,0,0,0,285,104.7,0,0,0,8.5,0,2024-06-18T18:00:00,2024-06-18T23:00:00,SW,41,n,977,0,97.6,0,14.9,0,4.3,southwest,Clear Sky,800,c01n,Turbat,Pakistan,63.0383,26.0081
0,998,2024-06-18:21,1718744400,73.6,0,191,0,0,0,0,284.8,102.5,0,0,0,3,0,2024-06-18T21:00:00,2024-06-19T02:00:00,S,54,n,975.5,0,92.7,0,14.9,0,1.5,south,Clear Sky,800,c01n,Turbat,Pakistan,63.0383,26.0081
0,998,2024-06-19:00,1718755200,71.9,0,144,0,0,0,0,288.3,96.1,0,0,0,4,0,2024-06-19T00:00:00,2024-06-19T05:00:00,SE,57,n,975.5,0,89.1,0,14.9,0,2.6,southeast,Clear Sky,800,c01n,Turbat,Pakistan,63.0383,26.0081
366.89822,998.5,2024-06-19:03,1718766000,55,2.4,64,380.12,83.56,0,0,289.5,93.5,0,0,0,2.4,712.85,2024-06-19T03:00:00,2024-06-19T08:00:00,ENE,26,d,976.5,0,95.3,0,14.9,0,0.7,east-northeast,Clear Sky,800,c01d,Turbat,Pakistan,63.0383,26.0081
938.49,997.5,2024-06-19:06,1718776800,36.1,9.2,352,938.49,120.15,0,0,288,104.3,0,0,0,26.3,911.18,2024-06-19T06:00:00,2024-06-19T11:00:00,NNW,8,d,975.5,0,110.9,0,14.9,0,16.5,north-northwest,Clear Sky,800,c01d,Turbat,Pakistan,63.0383,26.0081
1002.55,982,2024-06-19:09,1718787600,23.6,10.5,351,1002.55,123.23,0,0,284.8,106.8,0,0,0,26.4,924.88,2024-06-19T09:00:00,2024-06-19T14:00:00,NNW,4,d,967.5,0,117.2,0,14.9,0,28.2,north-northwest,Clear Sky,800,c01d,Turbat,Pakistan,63.0383,26.0081
522.78,980.5,2024-06-19:12,1718798400,23.1,3.5,351,522.78,95.3,0,0,283.8,106.3,0,0,0,27.1,784.54,2024-06-19T12:00:00,2024-06-19T17:00:00,NNW,4,d,966,0,116.5,0,14.9,0,27.2,north-northwest,Clear Sky,800,c01d,Turbat,Pakistan,63.0383,26.0081
0,981.7,2024-06-19:15,1718809200,27.9,0,349,0,0,0,0,286.5,101.9,0,0,0,34.5,0,2024-06-19T15:00:00,2024-06-19T20:00:00,NNW,6,n,967,0,109.3,0,14.9,2,22.2,north-northwest,Clear Sky,800,c01n,Turbat,Pakistan,63.0383,26.0081
0,997,2024-06-14:18,1718388000,74.9,0,58,0,0,0,0,297,102.1,0,0,0,3.3,0,2024-06-14T18:00:00,2024-06-14T23:00:00,ENE,59,n,975.5,0,91.2,0,14.9,0,1.5,east-northeast,Clear Sky,800,c01n,Sargodha,Pakistan,72.6861,32.074
0,996.5,2024-06-14:21,1718398800,76.1,0,272,0,0,0,0,294,98.4,0,0,0,2.9,0,2024-06-14T21:00:00,2024-06-15T02:00:00,W,69,n,975,0,87.5,0,14.9,0,1.6,west,Clear Sky,800,c01n,Sargodha,Pakistan,72.6861,32.074
0,997,2024-06-15:00,1718409600,75.8,0,119,0,0,0,0,297.5,96.3,0,0,0,4.5,0,2024-06-15T00:00:00,2024-06-15T05:00:00,ESE,71,n,975.5,0,86.3,0,14.9,0,2.7,east-southeast,Clear Sky,800,c01n,Sargodha,Pakistan,72.6861,32.074
507.07767,999,2024-06-15:03,1718420400,73.2,3.6,148,542.82,96.69,0,0,295,105.4,0,0,0,5.9,793.66,2024-06-15T03:00:00,2024-06-15T08:00:00,SSE,49,d,977.5,0,95.4,0,14.9,0,3,south-southeast,Clear Sky,800,c01d,Sargodha,Pakistan,72.6861,32.074
935.73553,998.5,2024-06-15:06,1718431200,70.3,10.3,135,994.33,122.74,0,0,295.5,116.2,0,0,0,10.8,923.95,2024-06-15T06:00:00,2024-06-15T11:00:00,SE,32,d,977,0,106.3,0,14.9,0,5.4,southeast,Clear Sky,800,c01d,Sargodha,Pakistan,72.6861,32.074
890.74194,996.5,2024-06-15:09,1718442000,61.5,9,258,931.2,119.69,0,15,296.8,113.5,0,30,0,9,910.32,2024-06-15T09:00:00,2024-06-15T14:00:00,WSW,21,d,975.5,0,110.4,0,14.9,16,0.9,west-southwest,Few clouds,801,c02d,Sargodha,Pakistan,72.6861,32.074
381.3855,995.5,2024-06-15:12,1718452800,65.9,2.5,157,401.44,85.42,0,0,295.8,112.9,0,40,0,23.2,725.94,2024-06-15T12:00:00,2024-06-15T17:00:00,SSE,27,d,974.5,0,107,0,14.9,5,12.2,south-southeast,Few clouds,801,c02d,Sargodha,Pakistan,72.6861,32.074
0,996,2024-06-15:15,1718463600,69.2,0,157,0,0,0,0,294.3,106.3,0,0,0,8.7,0,2024-06-15T15:00:00,2024-06-15T20:00:00,SSE,38,n,975,0,99.3,0,14.9,0,3.6,south-southeast,Clear Sky,800,c01n,Sargodha,Pakistan,72.6861,32.074
0,997,2024-06-15:18,1718474400,71.4,0,182,0,0,0,0,294,101.8,0,0,0,3.2,0,2024-06-15T18:00:00,2024-06-15T23:00:00,S,48,n,975.5,0,94.1,0,14.9,2,2.1,south,Clear Sky,800,c01n,Sargodha,Pakistan,72.6861,32.074
0,996.5,2024-06-15:21,1718485200,75.8,0,239,0,0,0,0,292.8,105.4,0,0,0,1.5,0,2024-06-15T21:00:00,2024-06-16T02:00:00,WSW,58,n,975.5,0,92.8,0,14.9,0,0.7,west-southwest,Clear Sky,800,c01n,Sargodha,Pakistan,72.6861,32.074
0,997.5,2024-06-16:00,1718496000,73.2,0,180,0,0,0,0,291.8,98.5,0,0,0,2.5,0,2024-06-16T00:00:00,2024-06-16T05:00:00,S,58,n,976,0,90,0,14.9,0,1.6,south,Clear Sky,800,c01n,Sargodha,Pakistan,72.6861,32.074
507.12045,999.5,2024-06-16:03,1718506800,73.1,3.6,233,542.23,96.64,0,0,293,106.9,0,0,0,8.5,793.33,2024-06-16T03:00:00,2024-06-16T08:00:00,SW,47,d,978,0,96.6,0,14.9,0,4.3,southwest,Clear Sky,800,c01d,Sargodha,Pakistan,72.6861,32.074
943.61664,998.5,2024-06-16:06,1718517600,66.3,10.3,223,994.02,122.71,0,0,291.8,116.9,0,0,0,9.1,923.77,2024-06-16T06:00:00,2024-06-16T11:00:00,SW,25,d,977.5,0,110.1,0,14.9,0,3.2,southwest,Clear Sky,800,c01d,Sargodha,Pakistan,72.6861,32.074
890.75195,996,2024-06-16:09,1718528400,62.5,9,206,931.59,119.69,0,0,291.5,119.5,0,17,0,11,910.29,2024-06-16T09:00:00,2024-06-16T14:00:00,SSW,19,d,975,0,115.1,0,14.9,0,5.4,south-southwest,Few clouds,801,c02d,Sargodha,Pakistan,72.6861,32.074
386.48657,994.5,2024-06-16:12,1718539200,58.2,2.6,226,402.39,85.5,0,0,293.5,114.9,0,21,0,8.5,726.39,2024-06-16T12:00:00,2024-06-16T17:00:00,SW,17,d,973.5,0,113.6,0,14.9,0,2.9,southwest,Few clouds,801,c02d,Sargodha,Pakistan,72.6861,32.074
0,995,2024-06-16:15,1718550000,66.5,0,56,0,0,0,0,293.8,111.3,0,11,0,1.1,0,2024-06-16T15:00:00,2024-06-16T20:00:00,NE,29,n,974,0,105.3,0,14.9,0,0.2,northeast,Few clouds,801,c02n,Sargodha,Pakistan,72.6861,32.074
0,996,2024-06-16:18,1718560800,68.1,0,192,0,0,0,0,292,103.8,0,0,0,2.7,0,2024-06-16T18:00:00,2024-06-16T23:00:00,SSW,38,n,974.5,0,98.1,0,14.9,0,1.9,south-southwest,Clear Sky,800,c01n,Sargodha,Pakistan,72.6861,32.074
0,996,2024-06-16:21,1718571600,67.6,0,229,0,0,0,0,291,100.5,0,0,0,8.5,0,2024-06-16T21:00:00,2024-06-17T02:00:00,SW,40,n,974.5,0,95.8,0,14.9,0,4.6,southwest,Clear Sky,800,c01n,Sargodha,Pakistan,72.6861,32.074
0,997,2024-06-17:00,1718582400,69.3,0,235,0,0,0,0,290.8,98,0,0,0,9.3,0,2024-06-17T00:00:00,2024-06-17T05:00:00,SW,47,n,975.5,0,92.5,0,14.9,0,3.1,southwest,Clear Sky,800,c01n,Sargodha,Pakistan,72.6861,32.074
511.62714,998.5,2024-06-17:03,1718593200,68.1,3.6,223,541.6,96.59,0,0,292,103.8,0,0,0,10,792.97,2024-06-17T03:00:00,2024-06-17T08:00:00,SW,38,d,977,0,98.1,0,14.9,0,5.1,southwest,Clear Sky,800,c01d,Sargodha,Pakistan,72.6861,32.074
944.6995,997.5,2024-06-17:06,1718604000,65.3,10.3,219,993.69,122.68,0,0,291,118.1,0,0,0,10,923.58,2024-06-17T06:00:00,2024-06-17T11:00:00,SW,23,d,976.5,0,111.8,0,14.9,0,3.9,southwest,Clear Sky,800,c01d,Sargodha,Pakistan,72.6861,32.074
891.4014,995.5,2024-06-17:09,1718614800,61.2,9,194,931.95,119.7,0,0,292.3,120.8,0,0,0,12.9,910.26,2024-06-17T09:00:00,2024-06-17T14:00:00,SSW,17,d,974.5,0,117.4,0,14.9,0,6.5,south-southwest,Clear Sky,800,c01d,Sargodha,Pakistan,72.6861,32.074
387.26437,993.5,2024-06-17:12,1718625600,59.6,2.6,178,403.29,85.57,0,0,290,117.7,0,41,0,10.3,726.81,2024-06-17T12:00:00,2024-06-17T17:00:00,S,17,d,972.5,0,115.4,0,11.8,2,3.9,south,Few clouds,801,c02d,Sargodha,Pakistan,72.6861,32.074
0,994.5,2024-06-17:15,1718636400,62.5,0,74,0,0,0,0,293.5,107.1,0,15,0,13.4,0,2024-06-17T15:00:00,2024-06-17T20:00:00,ENE,26,n,973.5,0,104.3,0,14.9,0,6,east-northeast,Few clouds,801,c02n,Sargodha,Pakistan,72.6861,32.074
0,995,2024-06-17:18,1718647200,63.5,0,112,0,0,0,0,292.5,102,0,11,0,6.6,0,2024-06-17T18:00:00,2024-06-17T23:00:00,ESE,31,n,974,0,99.5,0,14.9,0,3.8,east-southeast,Few clouds,801,c02n,Sargodha,Pakistan,72.6861,32.074
0,995.5,2024-06-17:21,1718658000,68.7,0,235,0,0,0,0,291,104.1,0,10,0,7.2,0,2024-06-17T21:00:00,2024-06-18T02:00:00,SW,39,n,974,0,97.9,0,14.9,0,4.1,southwest,Few clouds,801,c02n,Sargodha,Pakistan,72.6861,32.074
0,996,2024-06-18:00,1718668800,70.1,0,104,0,0,0,0,292.8,97.9,0,0,0,5.6,0,2024-06-18T00:00:00,2024-06-18T05:00:00,ESE,49,n,974.5,0,92,0,14.9,0,3,east-southeast,Clear Sky,800,c01n,Sargodha,Pakistan,72.6861,32.074
510.03674,997,2024-06-18:03,1718679600,68.9,3.6,98,540.93,96.53,0,0,294.5,104.5,0,4,0,11,792.61,2024-06-18T03:00:00,2024-06-18T08:00:00,E,39,d,976,0,98.2,0,14.9,0,5.6,east,Clear Sky,800,c01d,Sargodha,Pakistan,72.6861,32.074
951.8435,996,2024-06-18:06,1718690400,59.7,10.3,99,993.35,122.66,0,0,293.8,113.7,0,0,0,19.7,923.4,2024-06-18T06:00:00,2024-06-18T11:00:00,E,19,d,974.5,0,111.6,0,14.9,0,9.7,east,Clear Sky,800,c01d,Sargodha,Pakistan,72.6861,32.074
893.943,992.5,2024-06-18:09,1718701200,60.7,9,116,932.3,119.71,0,0,295.8,119.8,0,0,0,14.5,910.23,2024-06-18T09:00:00,2024-06-18T14:00:00,ESE,17,d,971.5,0,116.8,0,14.9,0,6.2,east-southeast,Clear Sky,800,c01d,Sargodha,Pakistan,72.6861,32.074
387.63553,990.5,2024-06-18:12,1718712000,59.1,2.6,102,404.15,85.64,0,0,293,116.6,0,58,0,6.5,727.22,2024-06-18T12:00:00,2024-06-18T17:00:00,ESE,17,d,969.5,0,114.7,0,14.9,6,1.9,east-southeast,Scattered clouds,802,c02d,Sargodha,Pakistan,72.6861,32.074
0,991.5,2024-06-18:15,1718722800,62,0,6,0,0,0,0,296,107.6,0,57,0,6,0,2024-06-18T15:00:00,2024-06-18T20:00:00,N,25,n,970.5,0,105,0,14.9,0,3.2,north,Scattered clouds,802,c02n,Sargodha,Pakistan,72.6861,32.074
0,991.5,2024-06-18:18,1718733600,65.6,0,69,0,0,0,0,295.3,101.7,0,4,0,3.6,0,2024-06-18T18:00:00,2024-06-18T23:00:00,ENE,35,n,970.5,0,98,0,14.9,0,2.2,east-northeast,Clear Sky,800,c01n,Sargodha,Pakistan,72.6861,32.074
0,991,2024-06-18:21,1718744400,65.8,0,56,0,0,0,0,291.3,95.8,0,57,0,7.9,0,2024-06-18T21:00:00,2024-06-19T02:00:00,NE,41,n,970,0,93,46,14.9,100,4.5,northeast,Overcast clouds,804,c04n,Sargodha,Pakistan,72.6861,32.074
0,992.5,2024-06-19:00,1718755200,67.6,0,357,0,0,0.052,55,292,92.1,0,90,0,20.1,0,2024-06-19T00:00:00,2024-06-19T05:00:00,NNW,50,n,971,0,88.6,78,14.9,100,9.1,north-northwest,Overcast clouds,804,c04n,Sargodha,Pakistan,72.6861,32.074
509.91867,993.5,2024-06-19:03,1718766000,68.9,3.6,62,540.21,96.47,0,0,293.8,97.9,0,60,0,16.6,792.24,2024-06-19T03:00:00,2024-06-19T08:00:00,ENE,46,d,972,0,92.8,0,14.9,0,4.4,east-northeast,Scattered clouds,802,c02d,Sargodha,Pakistan,72.6861,32.074
943.2866,994.5,2024-06-19:06,1718776800,65,10.3,86,992.99,122.63,0,0,292,107.9,0,7,0,21.3,923.22,2024-06-19T06:00:00,2024-06-19T11:00:00,E,29,d,973.5,0,103.5,0,14.9,0,10.7,east,Few clouds,801,c02d,Sargodha,Pakistan,72.6861,32.074
895.11127,989.3,2024-06-19:09,1718787600,59.4,9.1,118,932.63,119.71,0,0,290.3,115,0,0,0,5.4,910.2,2024-06-19T09:00:00,2024-06-19T14:00:00,ESE,18,d,969,0,113.1,0,14.9,0,3.3,east-southeast,Clear Sky,800,c01d,Sargodha,Pakistan,72.6861,32.074
388.33038,986.7,2024-06-19:12,1718798400,60,2.6,311,404.96,85.7,0,0,290.3,116.2,0,0,0,7.6,727.6,2024-06-19T12:00:00,2024-06-19T17:00:00,NW,18,d,966.5,0,113.8,0,14.9,0,1.9,northwest,Clear Sky,800,c01d,Sargodha,Pakistan,72.6861,32.074
0,987.4,2024-06-19:15,1718809200,58.6,0,336,0,0,0.007,15,290.5,107.7,25,83,0,15.2,0,2024-06-19T15:00:00,2024-06-19T20:00:00,NNW,21,n,967,0,106.8,83,12.5,25,8.1,north-northwest,Overcast clouds,804,c04n,Sargodha,Pakistan,72.6861,32.074
0,997,2024-06-14:18,1718388000,64.4,0,338,0,0,0,0,295,94.2,0,0,0,6.1,0,2024-06-14T18:00:00,2024-06-14T23:00:00,NNW,40,n,971.5,0,92.2,0,14.9,4,3,north-northwest,Clear Sky,800,c01n,Gujrānwāla,Pakistan,74.1945,32.1877
0,996.5,2024-06-14:21,1718398800,67.4,0,16,0,0,0,0,294.3,92.5,0,0,0,4.9,0,2024-06-14T21:00:00,2024-06-15T02:00:00,NNE,49,n,971,0,89.1,29,14.9,65,2.5,north-northeast,Scattered clouds,802,c02n,Gujrānwāla,Pakistan,74.1945,32.1877
117.1778,997,2024-06-15:00,1718409600,65.9,1.2,28,57.44,64.29,0,0,296.5,88.5,0,0,0,7,168.29,2024-06-15T00:00:00,2024-06-15T05:00:00,NNE,51,d,971.5,0,86.2,26,14.9,60,2.4,north-northeast,Scattered clouds,802,c02d,Gujrānwāla,Pakistan,74.1945,32.1877
435.7766,999.5,2024-06-15:03,1718420400,65.7,3.4,283,458.88,181.39,0,0,298.8,96.5,0,0,0,9.2,561.12,2024-06-15T03:00:00,2024-06-15T08:00:00,WNW,40,d,974,0,93.7,0,14.9,0,3.8,west-northwest,Clear Sky,800,c01d,Gujrānwāla,Pakistan,74.1945,32.1877
823.2601,998.5,2024-06-15:06,1718431200,56.9,9.1,337,855.11,237.54,0,0,296.8,106.4,0,0,0,11.2,718.82,2024-06-15T06:00:00,2024-06-15T11:00:00,NNW,20,d,973.5,0,106.4,0,14.9,0,4.3,north-northwest,Clear Sky,800,c01d,Gujrānwāla,Pakistan,74.1945,32.1877
656.0902,996,2024-06-15:09,1718442000,56.4,4.7,261,774.72,227.91,0,0,296.5,111.4,0,53,0,12.1,693.25,2024-06-15T09:00:00,2024-06-15T14:00:00,W,17,d,971,0,111.3,55,14.9,100,4.8,west,Overcast clouds,804,c04d,Gujrānwāla,Pakistan,74.1945,32.1877
282.76233,994.5,2024-06-15:12,1718452800,52.7,2.2,287,292.24,147.3,0,0,295.5,109.3,0,10,0,14.8,454.88,2024-06-15T12:00:00,2024-06-15T17:00:00,WNW,15,d,969.5,0,111,0,14.9,41,6.3,west-northwest,Scattered clouds,802,c02d,Gujrānwāla,Pakistan,74.1945,32.1877
0,996,2024-06-15:15,1718463600,65.2,0,255,0,0,0,0,293.8,104.4,0,0,0,19.7,0,2024-06-15T15:00:00,2024-06-15T20:00:00,WSW,32,n,971,0,100.5,0,14.9,0,6.2,west-southwest,Clear Sky,800,c01n,Gujrānwāla,Pakistan,74.1945,32.1877
0,996.5,2024-06-15:18,1718474400,68.4,0,267,0,0,0,0,292.8,99.5,0,0,0,10.2,0,2024-06-15T18:00:00,2024-06-15T23:00:00,W,43,n,971,0,94.4,0,14.9,31,4.9,west,Few clouds,801,c02n,Gujrānwāla,Pakistan,74.1945,32.1877
0,996.5,2024-06-15:21,1718485200,68.3,0,278,0,0,0,0,290.8,95,0,0,0,7.4,0,2024-06-15T21:00:00,2024-06-16T02:00:00,W,48,n,971,0,90.7,0,14.9,0,2.7,west,Clear Sky,800,c01n,Gujrānwāla,Pakistan,74.1945,32.1877
117.024605,998,2024-06-16:00,1718496000,72.8,1.5,244,57.71,64.45,0,0,291.8,96.7,0,0,0,2,168.86,2024-06-16T00:00:00,2024-06-16T05:00:00,WSW,59,d,972.5,0,89,0,14.9,0,0.2,west-southwest,Clear Sky,800,c01d,Gujrānwāla,Pakistan,74.1945,32.1877
430.5341,999.5,2024-06-16:03,1718506800,70.7,3.4,248,458.37,181.29,0,0,293,104.8,0,0,0,8.2,560.8,2024-06-16T03:00:00,2024-06-16T08:00:00,WSW,43,d,974,0,97,0,14.9,0,3.3,west-southwest,Clear Sky,800,c01d,Gujrānwāla,Pakistan,74.1945,32.1877
808.9982,998.5,2024-06-16:06,1718517600,67.2,9.1,275,854.87,237.48,0,0,294,115.9,0,0,0,13.2,718.66,2024-06-16T06:00:00,2024-06-16T11:00:00,W,27,d,973.5,0,108.5,0,14.9,0,5.3,west,Clear Sky,800,c01d,Gujrānwāla,Pakistan,74.1945,32.1877
743.8213,996,2024-06-16:09,1718528400,59.5,7.6,269,775.12,227.94,0,0,293,115.4,0,40,0,17.2,693.31,2024-06-16T09:00:00,2024-06-16T14:00:00,W,18,d,971,0,113.3,0,14.9,1,7,west,Few clouds,801,c02d,Gujrānwāla,Pakistan,74.1945,32.1877
282.2877,994.5,2024-06-16:12,1718539200,56.1,2.2,287,293.05,147.48,0,0,293.8,113.1,0,31,0,16.8,455.46,2024-06-16T12:00:00,2024-06-16T17:00:00,WNW,16,d,969.5,0,113.1,0,14.9,0,6.7,west-northwest,Few clouds,801,c02d,Gujrānwāla,Pakistan,74.1945,32.1877
0,995,2024-06-16:15,1718550000,59,0,264,0,0,0,0,293.3,104.9,0,0,0,7.8,0,2024-06-16T15:00:00,2024-06-16T20:00:00,W,23,n,970,0,104.2,0,14.9,0,3.3,west,Clear Sky,800,c01n,Gujrānwāla,Pakistan,74.1945,32.1877
0,996,2024-06-16:18,1718560800,62.8,0,274,0,0,0,0,293.5,99.4,0,0,0,7.2,0,2024-06-16T18:00:00,2024-06-16T23:00:00,W,32,n,970.5,0,97.6,0,14.9,0,3.6,west,Clear Sky,800,c01n,Gujrānwāla,Pakistan,74.1945,32.1877
0,996,2024-06-16:21,1718571600,64.7,0,230,0,0,0,0,291,95.6,0,0,0,8.1,0,2024-06-16T21:00:00,2024-06-17T02:00:00,SW,39,n,970.5,0,93.4,0,14.9,0,3.9,southwest,Clear Sky,800,c01n,Gujrānwāla,Pakistan,74.1945,32.1877
118.323326,997.5,2024-06-17:00,1718582400,67.8,1.5,249,58.06,64.65,0,0,292.8,94.8,0,16,0,7.4,169.59,2024-06-17T00:00:00,2024-06-17T05:00:00,WSW,47,d,972,0,90.8,0,14.9,0,3.6,west-southwest,Few clouds,801,c02d,Gujrānwāla,Pakistan,74.1945,32.1877
431.9211,999,2024-06-17:03,1718593200,69.2,3.4,267,457.83,181.17,0,0,294,105.2,0,0,0,14.2,560.46,2024-06-17T03:00:00,2024-06-17T08:00:00,W,39,d,973.5,0,98.5,0,14.9,0,6.1,west,Clear Sky,800,c01d,Gujrānwāla,Pakistan,74.1945,32.1877
809.77875,998,2024-06-17:06,1718604000,66.4,9.1,276,854.6,237.43,0,0,291,117.2,0,0,0,15.6,718.51,2024-06-17T06:00:00,2024-06-17T11:00:00,W,25,d,972.5,0,110.2,0,14.9,0,6.3,west,Clear Sky,800,c01d,Gujrānwāla,Pakistan,74.1945,32.1877
742.0093,995.5,2024-06-17:09,1718614800,61.6,7.6,274,775.5,227.96,0,0,290.8,119.6,0,52,0,17.2,693.37,2024-06-17T09:00:00,2024-06-17T14:00:00,W,18,d,970.5,0,115.9,0,14.9,5,7.1,west,Scattered clouds,802,c02d,Gujrānwāla,Pakistan,74.1945,32.1877
243.20857,994,2024-06-17:12,1718625600,58.2,1.3,296,293.82,147.65,0,0,292.5,114.8,0,69,0,17.3,456.02,2024-06-17T12:00:00,2024-06-17T17:00:00,WNW,17,d,969,0,113.6,57,14.9,4,7.6,west-northwest,Scattered clouds,802,c02d,Gujrānwāla,Pakistan,74.1945,32.1877
0,995,2024-06-17:15,1718636400,60.6,0,316,0,0,0,0,292.5,106.3,0,0,0,11.6,0,2024-06-17T15:00:00,2024-06-17T20:00:00,NW,24,n,970,0,104.6,0,14.9,0,4.7,northwest,Clear Sky,800,c01n,Gujrānwāla,Pakistan,74.1945,32.1877
0,995.5,2024-06-17:18,1718647200,63.3,0,3,0,0,0,0,292.8,100.4,0,0,0,7,0,2024-06-17T18:00:00,2024-06-17T23:00:00,N,32,n,970,0,98.2,0,14.9,0,3,north,Clear Sky,800,c01n,Gujrānwāla,Pakistan,74.1945,32.1877
0,995.5,2024-06-17:21,1718658000,65.5,0,204,0,0,0,0,292.3,96.2,0,34,0,9.7,0,2024-06-17T21:00:00,2024-06-18T02:00:00,SSW,40,n,970,0,93.4,0,14.9,0,4.7,south-southwest,Few clouds,801,c02n,Gujrānwāla,Pakistan,74.1945,32.1877
105.96283,996.5,2024-06-18:00,1718668800,69.2,0.8,323,58.47,64.9,0.004,10,294.5,95.2,0,74,0,9.3,170.47,2024-06-18T00:00:00,2024-06-18T05:00:00,NW,50,d,971,0,90.3,66,14.9,86,3.3,northwest,Overcast clouds,804,c04d,Gujrānwāla,Pakistan,74.1945,32.1877
434.6136,998,2024-06-18:03,1718679600,65,3.4,61,457.25,181.05,0,0,295.3,100.3,0,10,0,9.2,560.1,2024-06-18T03:00:00,2024-06-18T08:00:00,ENE,35,d,972.5,0,97.3,0,14.9,0,3.9,east-northeast,Few clouds,801,c02d,Gujrānwāla,Pakistan,74.1945,32.1877
822.142,996,2024-06-18:06,1718690400,57.1,9.1,15,854.32,237.38,0,0,298.3,110.7,0,29,0,12.6,718.35,2024-06-18T06:00:00,2024-06-18T11:00:00,NNE,18,d,971,0,110.2,0,14.9,0,5.2,north-northeast,Few clouds,801,c02d,Gujrānwāla,Pakistan,74.1945,32.1877
748.45215,992.5,2024-06-18:09,1718701200,56.6,7.6,276,775.86,227.99,0,0,296.8,116.2,0,0,0,13.7,693.42,2024-06-18T09:00:00,2024-06-18T14:00:00,W,15,d,968,0,115.9,0,14.9,0,5.7,west,Clear Sky,800,c01d,Gujrānwāla,Pakistan,74.1945,32.1877
285.19803,990.5,2024-06-18:12,1718712000,53.7,2.2,305,294.55,147.81,0,0,294.5,113.4,0,7,0,18.3,456.54,2024-06-18T12:00:00,2024-06-18T17:00:00,NW,14,d,965.5,0,114.7,0,14.9,0,8.1,northwest,Few clouds,801,c02d,Gujrānwāla,Pakistan,74.1945,32.1877
0,991.5,2024-06-18:15,1718722800,57.2,0,340,0,0,0,0,295.3,105.1,0,0,0,9.3,0,2024-06-18T15:00:00,2024-06-18T20:00:00,NNW,21,n,966.5,0,105.1,0,14.9,0,4.3,north-northwest,Clear Sky,800,c01n,Gujrānwāla,Pakistan,74.1945,32.1877
0,992.5,2024-06-18:18,1718733600,67.6,0,203,0,0,0.001,15,297.8,104.9,0,11,0,2.6,0,2024-06-18T18:00:00,2024-06-18T23:00:00,SSW,36,n,967.5,0,99.3,0,14.9,0,0.8,south-southwest,Few clouds,801,c02n,Gujrānwāla,Pakistan,74.1945,32.1877
0,993,2024-06-18:21,1718744400,68.3,0,259,0,0,0.039,50,295.5,96.5,0,80,0,9.9,0,2024-06-18T21:00:00,2024-06-19T02:00:00,W,46,n,968,0,92,100,14.9,100,3.5,west,Thunderstorm with rain,201,t02n,Gujrānwāla,Pakistan,74.1945,32.1877
96.11118,994.5,2024-06-19:00,1718755200,73,0.7,307,58.97,65.19,0.037,50,293.3,93.4,0,100,0,15.1,171.5,2024-06-19T00:00:00,2024-06-19T05:00:00,NW,65,d,969,0,86.2,78,14.9,100,3.8,northwest,Light shower rain,520,r04d,Gujrānwāla,Pakistan,74.1945,32.1877
383.59235,996.5,2024-06-19:03,1718766000,74.6,2.2,86,456.63,180.93,0.015,25,293.3,95.1,0,52,0,15.1,559.72,2024-06-19T03:00:00,2024-06-19T08:00:00,E,68,d,971,0,86.4,51,14.9,100,7.2,east,Light shower rain,520,r04d,Gujrānwāla,Pakistan,74.1945,32.1877
685.9135,994.5,2024-06-19:06,1718776800,68.3,5.5,87,854.02,237.32,0,0,292.3,101.2,0,73,0,22.3,718.19,2024-06-19T06:00:00,2024-06-19T11:00:00,E,41,d,969.5,0,95.8,58,14.9,7,10.1,east,Scattered clouds,802,c02d,Gujrānwāla,Pakistan,74.1945,32.1877
752.191,988.9,2024-06-19:09,1718787600,52.1,7.6,217,776.21,228.01,0,0,293.3,110.7,0,1,0,7.7,693.47,2024-06-19T09:00:00,2024-06-19T14:00:00,SW,14,d,965,0,112.7,1,14.9,0,6.2,southwest,Clear Sky,800,c01d,Gujrānwāla,Pakistan,74.1945,32.1877
284.7824,986.8,2024-06-19:12,1718798400,55.8,2.2,223,295.24,147.96,0,0,293.5,112.5,0,0,0,9.9,457.03,2024-06-19T12:00:00,2024-06-19T17:00:00,SW,16,d,963,0,112.7,0,14.9,0,8.9,southwest,Clear Sky,800,c01d,Gujrānwāla,Pakistan,74.1945,32.1877
0,987.1,2024-06-19:15,1718809200,59.7,0,316,0,0,0,0,294.5,108.1,0,5,0,11,0,2024-06-19T15:00:00,2024-06-19T20:00:00,NW,22,n,963,0,106.6,5,14.9,0,6.4,northwest,Few clouds,801,c02n,Gujrānwāla,Pakistan,74.1945,32.1877
0,997,2024-06-14:18,1718388000,64.3,0,331,0,0,0,0,297,93.9,0,0,0,5.9,0,2024-06-14T18:00:00,2024-06-14T23:00:00,NNW,40,n,969.5,0,92.1,0,14.9,2,2.5,north-northwest,Clear Sky,800,c01n,Sialkot,Pakistan,74.5229,32.4945
0,996.5,2024-06-14:21,1718398800,66,0,360,0,0,0,0,295.8,90.6,0,0,0,4.4,0,2024-06-14T21:00:00,2024-06-15T02:00:00,NNW,48,n,969,0,88.1,32,14.9,74,2.2,north-northwest,Scattered clouds,802,c02n,Sialkot,Pakistan,74.5229,32.4945
118.136856,997.5,2024-06-15:00,1718409600,62.4,1.5,23,57.44,64.29,0,0,298.8,85.6,0,0,0,4.8,168.29,2024-06-15T00:00:00,2024-06-15T05:00:00,NNE,47,d,969.5,0,84.9,0,14.9,0,2.5,north-northeast,Clear Sky,800,c01d,Sialkot,Pakistan,74.5229,32.4945
395.06277,999.5,2024-06-15:03,1718420400,63.9,2.2,30,458.88,181.39,0,0,299.5,95.1,0,0,0,4.4,561.12,2024-06-15T03:00:00,2024-06-15T08:00:00,NNE,38,d,972,0,93.3,51,14.9,100,1.2,north-northeast,Overcast clouds,804,c04d,Sialkot,Pakistan,74.5229,32.4945
824.96814,998.5,2024-06-15:06,1718431200,55.8,9.1,319,855.11,237.54,0,0,297.8,106.2,0,0,0,11.1,718.82,2024-06-15T06:00:00,2024-06-15T11:00:00,NW,19,d,971.5,0,106.7,0,14.9,0,4.4,northwest,Clear Sky,800,c01d,Sialkot,Pakistan,74.5229,32.4945
750.10126,996,2024-06-15:09,1718442000,51.9,7.6,285,774.72,227.91,0,0,296.8,110.4,0,0,0,13.4,693.25,2024-06-15T09:00:00,2024-06-15T14:00:00,WNW,14,d,968.5,0,112.4,0,14.9,0,5.5,west-northwest,Clear Sky,800,c01d,Sialkot,Pakistan,74.5229,32.4945
282.84875,994.5,2024-06-15:12,1718452800,52.4,2.2,292,292.24,147.3,0,0,296.8,108.7,0,28,0,17,454.88,2024-06-15T12:00:00,2024-06-15T17:00:00,WNW,15,d,967.5,0,110.6,0,14.9,0,7.4,west-northwest,Few clouds,801,c02d,Sialkot,Pakistan,74.5229,32.4945
0,995.5,2024-06-15:15,1718463600,58.3,0,286,0,0,0,0,296.3,100.4,0,0,0,8.7,0,2024-06-15T15:00:00,2024-06-15T20:00:00,WNW,25,n,968.5,0,100.5,0,14.9,0,3.8,west-northwest,Clear Sky,800,c01n,Sialkot,Pakistan,74.5229,32.4945
0,996.5,2024-06-15:18,1718474400,68,0,271,0,0,0,0,294.8,98.6,0,0,0,12.7,0,2024-06-15T18:00:00,2024-06-15T23:00:00,W,43,n,968.5,0,93.9,0,14.9,0,5.8,west,Clear Sky,800,c01n,Sialkot,Pakistan,74.5229,32.4945
0,997,2024-06-15:21,1718485200,69.5,0,328,0,0,0,0,291.8,94.6,0,0,0,5.9,0,2024-06-15T21:00:00,2024-06-16T02:00:00,NNW,52,n,969,0,89.5,0,14.9,0,1.9,north-northwest,Clear Sky,800,c01n,Sialkot,Pakistan,74.5229,32.4945
116.88111,998,2024-06-16:00,1718496000,73.7,1.5,261,57.71,64.45,0,0,293,94.3,0,0,0,2,168.86,2024-06-16T00:00:00,2024-06-16T05:00:00,W,66,d,970,0,86.4,0,14.9,0,0.9,west,Clear Sky,800,c01d,Sialkot,Pakistan,74.5229,32.4945
430.72876,1000,2024-06-16:03,1718506800,70.7,3.4,17,458.37,181.29,0,0,294,101,0,0,0,3.2,560.8,2024-06-16T03:00:00,2024-06-16T08:00:00,NNE,47,d,972,0,94,0,14.9,0,0.9,north-northeast,Clear Sky,800,c01d,Sialkot,Pakistan,74.5229,32.4945
819.9765,998.5,2024-06-16:06,1718517600,60.1,9.1,283,854.87,237.48,0,0,294.8,110.7,0,0,0,8.6,718.66,2024-06-16T06:00:00,2024-06-16T11:00:00,WNW,21,d,971.5,0,108.7,0,14.9,0,3,west-northwest,Clear Sky,800,c01d,Sialkot,Pakistan,74.5229,32.4945
746.7833,996,2024-06-16:09,1718528400,56.9,7.6,299,775.12,227.94,0,0,294.3,114.5,0,2,0,18.2,693.31,2024-06-16T09:00:00,2024-06-16T14:00:00,WNW,16,d,969,0,114.1,0,14.9,0,7.8,west-northwest,Clear Sky,800,c01d,Sialkot,Pakistan,74.5229,32.4945
282.90997,994.5,2024-06-16:12,1718539200,56,2.2,287,293.05,147.48,0,0,295.3,112.9,0,6,0,17.5,455.46,2024-06-16T12:00:00,2024-06-16T17:00:00,WNW,16,d,967,0,112.9,0,14.9,0,7.5,west-northwest,Clear Sky,800,c01d,Sialkot,Pakistan,74.5229,32.4945
0,995,2024-06-16:15,1718550000,57.7,0,254,0,0,0,0,294.8,102.5,0,0,0,6.5,0,2024-06-16T15:00:00,2024-06-16T20:00:00,WSW,23,n,967.5,0,102.6,0,14.9,0,3,west-southwest,Clear Sky,800,c01n,Sialkot,Pakistan,74.5229,32.4945
0,996,2024-06-16:18,1718560800,61,0,275,0,0,0,0,294.5,96.2,0,0,0,6.7,0,2024-06-16T18:00:00,2024-06-16T23:00:00,W,32,n,968.5,0,95.6,0,14.9,0,2.9,west,Clear Sky,800,c01n,Sialkot,Pakistan,74.5229,32.4945
0,996,2024-06-16:21,1718571600,70.8,0,113,0,0,0,0,292.5,98.1,0,0,0,2.6,0,2024-06-16T21:00:00,2024-06-17T02:00:00,ESE,51,n,968.5,0,91.5,0,14.9,0,0.6,east-southeast,Clear Sky,800,c01n,Sialkot,Pakistan,74.5229,32.4945
118.369225,997.5,2024-06-17:00,1718582400,67.7,1.5,185,58.06,64.65,0,0,294,91.6,0,7,0,5.1,169.59,2024-06-17T00:00:00,2024-06-17T05:00:00,S,51,d,969.5,0,88.1,0,14.9,0,1.1,south,Few clouds,801,c02d,Sialkot,Pakistan,74.5229,32.4945
431.0247,999,2024-06-17:03,1718593200,70.1,3.4,101,457.83,181.17,0,0,296.5,102.5,0,0,0,4.5,560.46,2024-06-17T03:00:00,2024-06-17T08:00:00,E,44,d,971.5,0,95.6,0,14.9,0,1.2,east,Clear Sky,800,c01d,Sialkot,Pakistan,74.5229,32.4945
813.6383,998,2024-06-17:06,1718604000,64.5,9.1,236,854.6,237.43,0,0,293.3,114.5,0,0,0,8.5,718.51,2024-06-17T06:00:00,2024-06-17T11:00:00,SW,24,d,970.5,0,109.3,0,14.9,0,2.9,southwest,Clear Sky,800,c01d,Sialkot,Pakistan,74.5229,32.4945
746.01917,995.5,2024-06-17:09,1718614800,58.4,7.6,280,775.5,227.96,0,0,293.5,117.4,0,0,0,18,693.37,2024-06-17T09:00:00,2024-06-17T14:00:00,W,16,d,968.5,0,116,0,14.9,0,7.7,west,Clear Sky,800,c01d,Sialkot,Pakistan,74.5229,32.4945
283.7599,993.5,2024-06-17:12,1718625600,54.9,2.2,294,293.82,147.65,0,0,294,113.2,0,43,0,18.9,456.02,2024-06-17T12:00:00,2024-06-17T17:00:00,WNW,15,d,966.5,0,113.8,0,14.9,0,7.9,west-northwest,Few clouds,801,c02d,Sialkot,Pakistan,74.5229,32.4945
0,995,2024-06-17:15,1718636400,56.4,0,300,0,0,0,0,294.5,103.6,0,0,0,13.1,0,2024-06-17T15:00:00,2024-06-17T20:00:00,WNW,21,n,967.5,0,104.1,0,14.9,0,4.4,west-northwest,Clear Sky,800,c01n,Sialkot,Pakistan,74.5229,32.4945
0,995.5,2024-06-17:18,1718647200,62.2,0,322,0,0,0,0,294.5,98.2,0,0,0,5.5,0,2024-06-17T18:00:00,2024-06-17T23:00:00,NW,32,n,968,0,96.9,0,14.9,0,2.3,northwest,Clear Sky,800,c01n,Sialkot,Pakistan,74.5229,32.4945
0,995,2024-06-17:21,1718658000,60.8,0,28,0,0,0,0,292.5,91.5,0,0,0,6,0,2024-06-17T21:00:00,2024-06-18T02:00:00,NNE,36,n,967.5,0,91.5,0,14.9,0,3.1,north-northeast,Clear Sky,800,c01n,Sialkot,Pakistan,74.5229,32.4945
112.2746,996.5,2024-06-18:00,1718668800,69.3,0.9,16,58.47,64.9,0.027,40,295.3,89.9,0,0,0,8.4,170.47,2024-06-18T00:00:00,2024-06-18T05:00:00,NNE,58,d,968.5,0,85.7,54,14.9,82,3,north-northeast,Overcast clouds,804,c04d,Sialkot,Pakistan,74.5229,32.4945
323.2064,997.5,2024-06-18:03,1718679600,65.8,1.8,32,457.25,181.05,0,0,297,98.7,0,68,0,11,560.1,2024-06-18T03:00:00,2024-06-18T08:00:00,NNE,38,d,970,0,95.5,68,14.9,90,5.1,north-northeast,Overcast clouds,804,c04d,Sialkot,Pakistan,74.5229,32.4945
822.189,996,2024-06-18:06,1718690400,57.4,9.1,1,854.32,237.38,0,0,299.8,109.2,0,19,0,10.8,718.35,2024-06-18T06:00:00,2024-06-18T11:00:00,N,19,d,968.5,0,108.7,0,14.9,0,2.8,north,Few clouds,801,c02d,Sialkot,Pakistan,74.5229,32.4945
751.2877,992.5,2024-06-18:09,1718701200,52.8,7.6,281,775.86,227.99,0,0,298.5,114.2,0,6,0,17.6,693.42,2024-06-18T09:00:00,2024-06-18T14:00:00,W,13,d,965.5,0,116.1,0,14.9,0,7.9,west,Clear Sky,800,c01d,Sialkot,Pakistan,74.5229,32.4945
258.17062,990.5,2024-06-18:12,1718712000,53,1.4,297,294.55,147.81,0,0,294.5,112.2,0,47,0,18.6,456.54,2024-06-18T12:00:00,2024-06-18T17:00:00,WNW,14,d,963.5,0,113.8,51,14.4,87,8.4,west-northwest,Overcast clouds,804,c04d,Sialkot,Pakistan,74.5229,32.4945
0,991.5,2024-06-18:15,1718722800,54.8,0,314,0,0,0,0,298.8,102.5,0,0,0,9.1,0,2024-06-18T15:00:00,2024-06-18T20:00:00,NW,20,n,964.5,0,103.7,0,14.9,2,4.5,northwest,Clear Sky,800,c01n,Sialkot,Pakistan,74.5229,32.4945
0,992.5,2024-06-18:18,1718733600,58.5,0,6,0,0,0.001,15,298.3,95.3,0,3,0,6.8,0,2024-06-18T18:00:00,2024-06-18T23:00:00,N,29,n,965,0,95.8,0,14.9,9,3,north,Few clouds,801,c02n,Sialkot,Pakistan,74.5229,32.4945
0,992.5,2024-06-18:21,1718744400,66.7,0,185,0,0,0.012,25,296.3,92.7,0,41,0,8.9,0,2024-06-18T21:00:00,2024-06-19T02:00:00,S,47,n,964.5,0,89.7,50,14.9,100,1.9,south,Overcast clouds,804,c04n,Sialkot,Pakistan,74.5229,32.4945
103.02694,993.5,2024-06-19:00,1718755200,73.5,0.8,26,58.97,65.19,0.025,40,294,91.9,0,65,0,5.2,171.5,2024-06-19T00:00:00,2024-06-19T05:00:00,NNE,69,d,965.5,0,84.8,70,14.9,100,1.2,north-northeast,Overcast clouds,804,c04d,Sialkot,Pakistan,74.5229,32.4945
344.46918,996.5,2024-06-19:03,1718766000,69.8,1.9,22,456.63,180.93,0,0,293.5,93.7,0,44,0,21.4,559.72,2024-06-19T03:00:00,2024-06-19T08:00:00,NNE,54,d,968.5,0,88.6,63,14.9,100,8.1,north-northeast,Overcast clouds,804,c04d,Sialkot,Pakistan,74.5229,32.4945
813.7096,995,2024-06-19:06,1718776800,63.7,9.1,71,854.02,237.32,0,0,293.8,102.5,0,49,0,21.5,718.19,2024-06-19T06:00:00,2024-06-19T11:00:00,ENE,31,d,967.5,0,99.8,0,14.9,17,9.9,east-northeast,Scattered clouds,802,c02d,Sialkot,Pakistan,74.5229,32.4945
776.18866,989,2024-06-19:09,1718787600,49.5,7.4,260,776.21,228.01,0,0,293.5,111.4,0,5,0,11.2,693.47,2024-06-19T09:00:00,2024-06-19T14:00:00,W,12,d,962.5,0,114.6,5,14.9,0,10.5,west,Few clouds,801,c02d,Sialkot,Pakistan,74.5229,32.4945
295.24,987.5,2024-06-19:12,1718798400,50.4,2.2,236,295.24,147.96,0,0,296.8,110.3,0,0,0,9.4,457.03,2024-06-19T12:00:00,2024-06-19T17:00:00,SW,13,d,961,0,113.1,0,14.9,0,8.4,southwest,Clear Sky,800,c01d,Sialkot,Pakistan,74.5229,32.4945
0,988.4,2024-06-19:15,1718809200,57,0,265,0,0,0,0,297.5,104.6,0,5,0,5.2,0,2024-06-19T15:00:00,2024-06-19T20:00:00,W,21,n,961.5,0,104.8,5,14.9,0,4.9,west,Few clouds,801,c02n,Sialkot,Pakistan,74.5229,32.4945
0,998,2024-06-14:18,1718388000,72.7,0,210,0,0,0,0,291.8,101.7,0,0,0,5.4,0,2024-06-14T18:00:00,2024-06-14T23:00:00,SSW,52,n,984,0,92.9,0,14.9,0,3,south-southwest,Clear Sky,800,c01n,Bahāwalpur,Pakistan,71.6911,29.3544
0,997,2024-06-14:21,1718398800,70,0,211,0,0,0,0,291.3,97.1,0,10,0,8.3,0,2024-06-14T21:00:00,2024-06-15T02:00:00,SSW,50,n,983.5,0,91.3,0,14.9,0,4.5,south-southwest,Few clouds,801,c02n,Bahāwalpur,Pakistan,71.6911,29.3544
0,997.5,2024-06-15:00,1718409600,71.5,0,205,0,0,0,0,289.8,96.7,0,0,0,10,0,2024-06-15T00:00:00,2024-06-15T05:00:00,SSW,55,n,983.5,0,89.9,0,14.9,7,4.8,south-southwest,Few clouds,801,c02n,Bahāwalpur,Pakistan,71.6911,29.3544
489.69775,1000,2024-06-15:03,1718420400,72.6,3.4,214,523.47,95.48,0,0,291.8,105.6,0,0,0,15.3,784.85,2024-06-15T03:00:00,2024-06-15T08:00:00,SW,47,d,986,0,96.1,0,14.9,0,7.7,southwest,Clear Sky,800,c01d,Bahāwalpur,Pakistan,71.6911,29.3544
928.2603,999,2024-06-15:06,1718431200,74.2,10.3,226,995.3,123.06,0,0,289.3,119.3,0,0,0,21.5,923.57,2024-06-15T06:00:00,2024-06-15T11:00:00,SW,38,d,985.5,0,105,0,14.9,0,10.2,southwest,Clear Sky,800,c01d,Bahāwalpur,Pakistan,71.6911,29.3544
893.03156,997,2024-06-15:09,1718442000,67.1,9.2,220,941.76,120.47,0,0,288.3,118.8,0,0,0,18.4,912.08,2024-06-15T09:00:00,2024-06-15T14:00:00,SW,25,d,983.5,0,111,0,14.9,0,8.5,southwest,Clear Sky,800,c01d,Bahāwalpur,Pakistan,71.6911,29.3544
385.80453,996,2024-06-15:12,1718452800,62.5,2.6,217,403.89,85.81,0,0,287.3,113.7,0,0,0,17.6,726.54,2024-06-15T12:00:00,2024-06-15T17:00:00,SW,22,d,982,0,109.9,0,14.9,0,7.9,southwest,Clear Sky,800,c01d,Bahāwalpur,Pakistan,71.6911,29.3544
0,997,2024-06-15:15,1718463600,62.3,0,240,0,0,0,0,289.3,103.6,0,3,0,9.8,0,2024-06-15T15:00:00,2024-06-15T20:00:00,WSW,28,n,983.5,0,101.5,0,14.9,0,4,west-southwest,Clear Sky,800,c01n,Bahāwalpur,Pakistan,71.6911,29.3544
0,998,2024-06-15:18,1718474400,63.8,0,210,0,0,0,0,290,95.8,0,0,0,7.7,0,2024-06-15T18:00:00,2024-06-15T23:00:00,SSW,37,n,984,0,94,0,14.9,0,4.3,south-southwest,Clear Sky,800,c01n,Bahāwalpur,Pakistan,71.6911,29.3544
0,998,2024-06-15:21,1718485200,65.9,0,215,0,0,0,0,289.5,95.2,0,0,0,11,0,2024-06-15T21:00:00,2024-06-16T02:00:00,SW,42,n,984,0,92.4,0,14.9,0,5.8,southwest,Clear Sky,800,c01n,Bahāwalpur,Pakistan,71.6911,29.3544
0,999,2024-06-16:00,1718496000,67.5,0,208,0,0,0,0,292,93.4,0,0,0,8.7,0,2024-06-16T00:00:00,2024-06-16T05:00:00,SSW,48,n,985,0,89.8,0,14.9,9,4.6,south-southwest,Few clouds,801,c02n,Bahāwalpur,Pakistan,71.6911,29.3544
492.71347,1000.5,2024-06-16:03,1718506800,69.5,3.4,213,522.83,95.42,0,0,290,102.9,0,0,0,15,784.49,2024-06-16T03:00:00,2024-06-16T08:00:00,SSW,42,d,987,0,96.4,0,14.9,0,7.5,south-southwest,Clear Sky,800,c01d,Bahāwalpur,Pakistan,71.6911,29.3544
934.22076,1000,2024-06-16:06,1718517600,71.5,10.3,228,994.93,123.03,0,0,288.3,118,0,0,0,20.3,923.37,2024-06-16T06:00:00,2024-06-16T11:00:00,SW,33,d,986,0,106.6,0,14.9,0,9.7,southwest,Clear Sky,800,c01d,Bahāwalpur,Pakistan,71.6911,29.3544
889.9396,997.5,2024-06-16:09,1718528400,68.7,9.3,221,942.11,120.48,0,0,288,121.2,0,0,0,19.3,912.03,2024-06-16T09:00:00,2024-06-16T14:00:00,SW,26,d,984,0,111.7,0,14.9,0,9.3,southwest,Clear Sky,800,c01d,Bahāwalpur,Pakistan,71.6911,29.3544
385.8265,996,2024-06-16:12,1718539200,63.3,2.6,222,404.83,85.88,0,0,283,115.4,0,0,0,17,726.98,2024-06-16T12:00:00,2024-06-16T17:00:00,SW,22,d,982.5,0,110.9,0,14.9,0,8.1,southwest,Clear Sky,800,c01d,Bahāwalpur,Pakistan,71.6911,29.3544
0,997,2024-06-16:15,1718550000,63.2,0,218,0,0,0,0,284.8,105.5,0,0,0,11.5,0,2024-06-16T15:00:00,2024-06-16T20:00:00,SW,28,n,983,0,102.5,0,14.9,0,4.7,southwest,Clear Sky,800,c01n,Bahāwalpur,Pakistan,71.6911,29.3544
0,998,2024-06-16:18,1718560800,65.8,0,220,0,0,0,0,282,99.8,0,0,0,9.8,0,2024-06-16T18:00:00,2024-06-16T23:00:00,SW,37,n,984,0,96.4,0,14.9,0,5.2,southwest,Clear Sky,800,c01n,Bahāwalpur,Pakistan,71.6911,29.3544
0,998,2024-06-16:21,1718571600,66.3,0,219,0,0,0,0,282.5,96.8,0,0,0,11.6,0,2024-06-16T21:00:00,2024-06-17T02:00:00,SW,41,n,984,0,93.5,0,14.9,0,6,southwest,Clear Sky,800,c01n,Bahāwalpur,Pakistan,71.6911,29.3544
0,998.5,2024-06-17:00,1718582400,68.8,0,212,0,0,0,0,285,96,0,0,0,9.6,0,2024-06-17T00:00:00,2024-06-17T05:00:00,SSW,48,n,985,0,91.2,0,14.9,0,5.1,south-southwest,Clear Sky,800,c01n,Bahāwalpur,Pakistan,71.6911,29.3544
491.7766,1000,2024-06-17:03,1718593200,69.5,3.4,213,522.16,95.36,0,0,284.3,103.9,0,0,0,20.5,784.11,2024-06-17T03:00:00,2024-06-17T08:00:00,SSW,41,d,986.5,0,97.2,0,14.9,0,10.3,south-southwest,Clear Sky,800,c01d,Bahāwalpur,Pakistan,71.6911,29.3544
935.3486,999.5,2024-06-17:06,1718604000,70.6,10.3,220,994.56,123,0,0,282,117,0,0,0,25,923.18,2024-06-17T06:00:00,2024-06-17T11:00:00,SW,32,d,985.5,0,106.6,0,14.9,0,12.2,southwest,Clear Sky,800,c01d,Bahāwalpur,Pakistan,71.6911,29.3544
891.1968,997,2024-06-17:09,1718614800,68.1,9.3,220,942.44,120.48,0,0,282.3,121.3,0,0,0,23.5,911.99,2024-06-17T09:00:00,2024-06-17T14:00:00,SW,25,d,983.5,0,112.3,0,14.9,0,10.9,southwest,Clear Sky,800,c01d,Bahāwalpur,Pakistan,71.6911,29.3544
385.1775,995,2024-06-17:12,1718625600,66.2,2.6,216,405.73,85.96,0,0,281.8,118.5,0,0,0,20.7,727.4,2024-06-17T12:00:00,2024-06-17T17:00:00,SW,24,d,981.5,0,111.4,0,14.9,0,10.1,southwest,Clear Sky,800,c01d,Bahāwalpur,Pakistan,71.6911,29.3544
0,995.5,2024-06-17:15,1718636400,65.3,0,212,0,0,0,0,284,108.5,0,0,0,15,0,2024-06-17T15:00:00,2024-06-17T20:00:00,SSW,29,n,982,0,103.8,0,14.9,0,5.6,south-southwest,Clear Sky,800,c01n,Bahāwalpur,Pakistan,71.6911,29.3544
0,996.5,2024-06-17:18,1718647200,66.7,0,205,0,0,0,0,285,102.8,0,0,0,10.8,0,2024-06-17T18:00:00,2024-06-17T23:00:00,SSW,36,n,983,0,98.3,0,14.9,0,5.6,south-southwest,Clear Sky,800,c01n,Bahāwalpur,Pakistan,71.6911,29.3544
0,996.5,2024-06-17:21,1718658000,67.8,0,215,0,0,0,0,285.3,100.1,0,0,0,13.2,0,2024-06-17T21:00:00,2024-06-18T02:00:00,SW,41,n,982.5,0,95.3,0,14.9,0,6.7,southwest,Clear Sky,800,c01n,Bahāwalpur,Pakistan,71.6911,29.3544
0,996.5,2024-06-18:00,1718668800,70.4,0,214,0,0,0,0,284.8,100.4,0,0,0,14.5,0,2024-06-18T00:00:00,2024-06-18T05:00:00,SW,47,n,982.5,0,93.7,0,14.9,0,7.4,southwest,Clear Sky,800,c01n,Bahāwalpur,Pakistan,71.6911,29.3544
487.2182,998,2024-06-18:03,1718679600,73.5,3.4,221,521.45,95.3,0,0,286.3,109,0,0,0,22.7,783.72,2024-06-18T03:00:00,2024-06-18T08:00:00,SW,46,d,984,0,97.8,0,14.9,0,11.4,southwest,Clear Sky,800,c01d,Bahāwalpur,Pakistan,71.6911,29.3544
940.1346,997,2024-06-18:06,1718690400,68,10.3,225,994.18,122.97,0,0,284,114.8,0,0,0,25.2,922.99,2024-06-18T06:00:00,2024-06-18T11:00:00,SW,29,d,983.5,0,107,0,14.9,0,12.1,southwest,Clear Sky,800,c01d,Bahāwalpur,Pakistan,71.6911,29.3544
897.5689,994,2024-06-18:09,1718701200,63.9,9.3,224,942.76,120.49,0,0,287,118.6,0,0,0,22.5,911.96,2024-06-18T09:00:00,2024-06-18T14:00:00,SW,21,d,980.5,0,113.3,0,14.9,0,10.4,southwest,Clear Sky,800,c01d,Bahāwalpur,Pakistan,71.6911,29.3544
389.07028,992,2024-06-18:12,1718712000,60.6,2.6,219,406.58,86.02,0,0,286,115.4,0,0,0,21.3,727.8,2024-06-18T12:00:00,2024-06-18T17:00:00,SW,19,d,978.5,0,112.7,0,14.9,0,10.4,southwest,Clear Sky,800,c01d,Bahāwalpur,Pakistan,71.6911,29.3544
0,992.5,2024-06-18:15,1718722800,62.3,0,213,0,0,0,0,287,106.6,0,0,0,14.2,0,2024-06-18T15:00:00,2024-06-18T20:00:00,SSW,26,n,979,0,104,0,14.9,0,5,south-southwest,Clear Sky,800,c01n,Bahāwalpur,Pakistan,71.6911,29.3544
0,993.5,2024-06-18:18,1718733600,66.3,0,207,0,0,0,0,287.5,103,0,0,0,13.5,0,2024-06-18T18:00:00,2024-06-18T23:00:00,SSW,35,n,979.5,0,98.7,0,14.9,0,7,south-southwest,Clear Sky,800,c01n,Bahāwalpur,Pakistan,71.6911,29.3544
0,993,2024-06-18:21,1718744400,70.1,0,215,0,0,0,0,286.8,102.5,0,0,0,12.3,0,2024-06-18T21:00:00,2024-06-19T02:00:00,SW,44,n,979.5,0,95.6,0,14.9,0,6.1,southwest,Clear Sky,800,c01n,Bahāwalpur,Pakistan,71.6911,29.3544
0,993,2024-06-19:00,1718755200,73.5,0,221,0,0,0,0,287.8,102.9,0,0,0,17.1,0,2024-06-19T00:00:00,2024-06-19T05:00:00,SW,53,n,979.5,0,93.1,0,14.9,0,8.7,southwest,Clear Sky,800,c01n,Bahāwalpur,Pakistan,71.6911,29.3544
488.36765,994.5,2024-06-19:03,1718766000,71.4,3.4,217,520.71,95.23,0,0,289.3,103.5,0,0,0,21.1,783.32,2024-06-19T03:00:00,2024-06-19T08:00:00,SW,46,d,980.5,0,95.5,0,14.9,0,10.4,southwest,Clear Sky,800,c01d,Bahāwalpur,Pakistan,71.6911,29.3544
934.4725,994,2024-06-19:06,1718776800,70.9,10.3,212,993.78,122.94,0,0,286.8,114.1,0,0,0,19.8,922.8,2024-06-19T06:00:00,2024-06-19T11:00:00,SSW,35,d,980,0,104.1,0,14.9,0,9.2,south-southwest,Clear Sky,800,c01d,Bahāwalpur,Pakistan,71.6911,29.3544
895.80817,988.4,2024-06-19:09,1718787600,65.6,9.3,209,943.07,120.49,0,0,287.3,118.8,0,0,0,10.1,911.92,2024-06-19T09:00:00,2024-06-19T14:00:00,SSW,23,d,977,0,112.2,0,14.9,0,11.2,south-southwest,Clear Sky,800,c01d,Bahāwalpur,Pakistan,71.6911,29.3544
388.9868,986.4,2024-06-19:12,1718798400,62.7,2.6,191,407.4,86.09,0,0,289,117.8,0,0,0,10.5,728.18,2024-06-19T12:00:00,2024-06-19T17:00:00,S,20,d,975,0,113.5,0,14.9,0,11.8,south,Clear Sky,800,c01d,Bahāwalpur,Pakistan,71.6911,29.3544
0,987,2024-06-19:15,1718809200,63.1,0,184,0,0,0,0,292,111.6,0,0,0,22.6,0,2024-06-19T15:00:00,2024-06-19T20:00:00,S,24,n,975.5,0,107.7,0,14.9,0,15.2,south,Clear Sky,800,c01n,Bahāwalpur,Pakistan,71.6911,29.3544
0,1001,2024-06-14:18,1718388000,77.6,0,222,0,0,0,0,285.3,101.2,26,0,0,20,0,2024-06-14T18:00:00,2024-06-14T23:00:00,SW,71,n,998.5,0,88.2,0,14.9,0,8.1,southwest,Few clouds,801,c02n,Hyderabad,Pakistan,68.3578,25.396
0,1000,2024-06-14:21,1718398800,78.5,0,226,0,0,0,0,287.3,98.8,52,0,0,16.8,0,2024-06-14T21:00:00,2024-06-15T02:00:00,SW,79,n,997.5,0,85.8,0,14.9,0,6.9,southwest,Scattered clouds,802,c02n,Hyderabad,Pakistan,68.3578,25.396
0,1000,2024-06-15:00,1718409600,78.4,0,217,0,0,0,0,290.8,97.7,61,0,0,15.7,0,2024-06-15T00:00:00,2024-06-15T05:00:00,SW,80,n,997.5,0,85.3,0,14.9,0,6.3,southwest,Scattered clouds,802,c02n,Hyderabad,Pakistan,68.3578,25.396
424.16968,1001.5,2024-06-15:03,1718420400,78.8,3,220,460.42,90.84,0,0,287.8,102.8,59,0,0,21.7,755.08,2024-06-15T03:00:00,2024-06-15T08:00:00,SW,74,d,999.5,0,88.1,0,14.9,0,9,southwest,Scattered clouds,802,c02d,Hyderabad,Pakistan,68.3578,25.396
906.1947,1001,2024-06-15:06,1718431200,77.1,10,218,978.68,122.63,0,0,284.8,110.5,52,0,0,23,919.29,2024-06-15T06:00:00,2024-06-15T11:00:00,SW,56,d,998.5,0,95.3,0,14.9,0,9.2,southwest,Scattered clouds,802,c02d,Hyderabad,Pakistan,68.3578,25.396
902.36163,998.5,2024-06-15:09,1718442000,74.5,9.8,227,968.2,122.13,0,0,285.5,117.7,42,0,0,21.9,917.04,2024-06-15T09:00:00,2024-06-15T14:00:00,SW,40,d,996,0,103.5,0,14.9,0,8.6,southwest,Few clouds,801,c02d,Hyderabad,Pakistan,68.3578,25.396
407.05087,997.5,2024-06-15:12,1718452800,75.1,2.8,225,437.15,88.92,0,0,283,116.3,41,0,0,21.7,743.39,2024-06-15T12:00:00,2024-06-15T17:00:00,SW,43,d,995,0,101.8,0,14.9,0,8.5,southwest,Few clouds,801,c02d,Hyderabad,Pakistan,68.3578,25.396
0,999.5,2024-06-15:15,1718463600,75.1,0,233,0,0,0,0,284.3,106.6,31,0,0,19.5,0,2024-06-15T15:00:00,2024-06-15T20:00:00,SW,54,n,997,0,94.4,0,14.9,0,8.2,southwest,Few clouds,801,c02n,Hyderabad,Pakistan,68.3578,25.396
0,1001,2024-06-15:18,1718474400,76.5,0,234,0,0,0,0,284,100.3,0,0,0,19,0,2024-06-15T18:00:00,2024-06-15T23:00:00,SW,68,n,998.5,0,88.4,0,14.9,0,7.2,southwest,Clear Sky,800,c01n,Hyderabad,Pakistan,68.3578,25.396
0,1000.5,2024-06-15:21,1718485200,78.3,0,207,0,0,0,0,284.3,98.1,30,0,0,14.1,0,2024-06-15T21:00:00,2024-06-16T02:00:00,SSW,79,n,998,0,85.6,0,14.9,0,5.9,south-southwest,Few clouds,801,c02n,Hyderabad,Pakistan,68.3578,25.396
0,1001,2024-06-16:00,1718496000,79.2,0,217,0,0,0,0,287.3,98,60,0,0,16.6,0,2024-06-16T00:00:00,2024-06-16T05:00:00,SW,83,n,998.5,0,84.9,0,14.9,0,6.8,southwest,Scattered clouds,802,c02n,Hyderabad,Pakistan,68.3578,25.396
423.40427,1002.5,2024-06-16:03,1718506800,78.6,3,224,459.73,90.77,0,0,286.5,102.9,54,0,0,17.6,754.65,2024-06-16T03:00:00,2024-06-16T08:00:00,SW,73,d,1000,0,88.3,0,14.9,0,7.2,southwest,Scattered clouds,802,c02d,Hyderabad,Pakistan,68.3578,25.396
907.9546,1002,2024-06-16:06,1718517600,75.9,10,212,978.21,122.6,0,0,283.8,111.2,46,0,0,19.2,919.06,2024-06-16T06:00:00,2024-06-16T11:00:00,SSW,51,d,999.5,0,97.1,0,14.9,0,7.3,south-southwest,Scattered clouds,802,c02d,Hyderabad,Pakistan,68.3578,25.396
903.9711,999.5,2024-06-16:09,1718528400,74.2,9.8,220,968.45,122.12,0,0,282.5,119.3,35,0,0,16.8,916.98,2024-06-16T09:00:00,2024-06-16T14:00:00,SW,38,d,997,0,105,0,14.9,0,5.9,southwest,Few clouds,801,c02d,Hyderabad,Pakistan,68.3578,25.396
410.58615,998,2024-06-16:12,1718539200,71.8,2.8,221,438.05,88.98,0,0,279.5,116.3,31,53,0,15.3,743.76,2024-06-16T12:00:00,2024-06-16T17:00:00,SW,35,d,995.5,0,105,0,14.9,0,6,southwest,Scattered clouds,802,c02d,Hyderabad,Pakistan,68.3578,25.396
0,999.5,2024-06-16:15,1718550000,76.7,0,233,0,0,0,0,282,111,0,0,0,23.1,0,2024-06-16T15:00:00,2024-06-16T20:00:00,SW,54,n,997,0,96.1,0,14.9,0,9.7,southwest,Clear Sky,800,c01n,Hyderabad,Pakistan,68.3578,25.396
0,1001.5,2024-06-16:18,1718560800,77.1,0,226,0,0,0,0,280.8,102,0,0,0,20.7,0,2024-06-16T18:00:00,2024-06-16T23:00:00,SW,68,n,999,0,89.1,0,14.9,0,8.1,southwest,Clear Sky,800,c01n,Hyderabad,Pakistan,68.3578,25.396
0,1001,2024-06-16:21,1718571600,78,0,227,0,0,0,0,280,98.6,41,0,0,17.4,0,2024-06-16T21:00:00,2024-06-17T02:00:00,SW,77,n,998.5,0,86.1,0,14.9,0,7,southwest,Few clouds,801,c02n,Hyderabad,Pakistan,68.3578,25.396
0,1001,2024-06-17:00,1718582400,77.4,0,224,0,0,0,0,279.8,96.1,44,0,0,16.3,0,2024-06-17T00:00:00,2024-06-17T05:00:00,SW,78,n,999,0,85,0,14.9,0,6.8,southwest,Scattered clouds,802,c02n,Hyderabad,Pakistan,68.3578,25.396
424.82404,1002.5,2024-06-17:03,1718593200,77.1,3,218,459,90.71,0,0,276.3,100.6,34,0,0,19.7,754.21,2024-06-17T03:00:00,2024-06-17T08:00:00,SW,70,d,1000,0,88.1,0,14.9,0,8.1,southwest,Few clouds,801,c02d,Hyderabad,Pakistan,68.3578,25.396
909.12976,1002,2024-06-17:06,1718604000,75.1,10,215,977.74,122.56,0,0,275.5,109.7,46,17,0,22,918.85,2024-06-17T06:00:00,2024-06-17T11:00:00,SW,50,d,1000,0,96.8,0,14.9,0,8.7,southwest,Scattered clouds,802,c02d,Hyderabad,Pakistan,68.3578,25.396
902.39685,1000,2024-06-17:09,1718614800,74.9,9.8,217,968.7,122.12,0,0,276,118,23,0,0,21.7,916.92,2024-06-17T09:00:00,2024-06-17T14:00:00,SW,41,d,997.5,0,103.3,0,14.9,0,8.4,southwest,Few clouds,801,c02d,Hyderabad,Pakistan,68.3578,25.396
409.81223,998.5,2024-06-17:12,1718625600,73.5,2.8,221,438.92,89.05,0,0,274,115.1,18,0,0,21.4,744.12,2024-06-17T12:00:00,2024-06-17T17:00:00,SW,40,d,996,0,102.5,0,14.9,0,8.6,southwest,Few clouds,801,c02d,Hyderabad,Pakistan,68.3578,25.396
0,1000,2024-06-17:15,1718636400,73,0,230,0,0,0,0,278.8,103.4,0,0,0,21.3,0,2024-06-17T15:00:00,2024-06-17T20:00:00,SW,51,n,997.5,0,93.9,0,14.9,0,9,southwest,Clear Sky,800,c01n,Hyderabad,Pakistan,68.3578,25.396
0,1001.5,2024-06-17:18,1718647200,76.2,0,230,0,0,0,0,277.5,99.3,15,0,0,21.3,0,2024-06-17T18:00:00,2024-06-17T23:00:00,SW,68,n,999,0,88.1,0,14.9,0,8.6,southwest,Few clouds,801,c02n,Hyderabad,Pakistan,68.3578,25.396
0,1000.5,2024-06-17:21,1718658000,77.5,0,228,0,0,0,0,279.3,97.1,43,0,0,18.3,0,2024-06-17T21:00:00,2024-06-18T02:00:00,SW,77,n,998,0,85.6,0,14.9,0,7.7,southwest,Few clouds,801,c02n,Hyderabad,Pakistan,68.3578,25.396
0,999.5,2024-06-18:00,1718668800,77.3,0,222,0,0,0,0,281.3,95.2,49,0,0,18.5,0,2024-06-18T00:00:00,2024-06-18T05:00:00,SW,79,n,997.5,0,84.6,0,14.9,0,7.8,southwest,Scattered clouds,802,c02n,Hyderabad,Pakistan,68.3578,25.396
424.5764,1001,2024-06-18:03,1718679600,76.6,2.9,221,458.24,90.64,0,0,284.8,99.8,45,0,0,23.5,753.76,2024-06-18T03:00:00,2024-06-18T08:00:00,SW,69,d,998.5,0,88.1,0,14.9,0,9.8,southwest,Scattered clouds,802,c02d,Hyderabad,Pakistan,68.3578,25.396
907.90295,1000,2024-06-18:06,1718690400,75.5,10,219,977.27,122.53,0,0,278.3,110.9,27,0,0,26.4,918.64,2024-06-18T06:00:00,2024-06-18T11:00:00,SW,50,d,997.5,0,97.3,0,14.9,0,10.7,southwest,Few clouds,801,c02d,Hyderabad,Pakistan,68.3578,25.396
900.4944,997.5,2024-06-18:09,1718701200,75.6,9.8,223,968.95,122.12,0,0,276.5,118.9,33,0,0,27.4,916.86,2024-06-18T09:00:00,2024-06-18T14:00:00,SW,42,d,995,0,103.2,0,14.9,0,11.1,southwest,Few clouds,801,c02d,Hyderabad,Pakistan,68.3578,25.396
409.83298,996,2024-06-18:12,1718712000,74.2,2.8,224,439.76,89.11,0,0,275,113.7,19,0,0,27.2,744.48,2024-06-18T12:00:00,2024-06-18T17:00:00,SW,43,d,994,0,100.8,0,14.9,0,10.8,southwest,Few clouds,801,c02d,Hyderabad,Pakistan,68.3578,25.396
0,997.5,2024-06-18:15,1718722800,75.3,0,222,0,0,0,0,279.3,104,0,0,0,23.9,0,2024-06-18T15:00:00,2024-06-18T20:00:00,SW,58,n,995,0,92.2,0,14.9,0,9.8,southwest,Clear Sky,800,c01n,Hyderabad,Pakistan,68.3578,25.396
0,999,2024-06-18:18,1718733600,76.8,0,222,0,0,0,0,280.5,99.2,44,0,0,23,0,2024-06-18T18:00:00,2024-06-18T23:00:00,SW,71,n,996.5,0,87.4,0,14.9,0,9.6,southwest,Scattered clouds,802,c02n,Hyderabad,Pakistan,68.3578,25.396
0,997,2024-06-18:21,1718744400,77.4,0,223,0,0,0,0,280.3,97.5,48,0,0,21,0,2024-06-18T21:00:00,2024-06-19T02:00:00,SW,76,n,994.5,0,85.9,0,14.9,0,8.7,southwest,Scattered clouds,802,c02n,Hyderabad,Pakistan,68.3578,25.396
0,996,2024-06-19:00,1718755200,77.8,0,220,0,0,0,0,282.3,96.4,49,0,0,21.6,0,2024-06-19T00:00:00,2024-06-19T05:00:00,SW,79,n,993.5,0,85,0,14.9,0,9.1,southwest,Scattered clouds,802,c02n,Hyderabad,Pakistan,68.3578,25.396
375.5345,996.5,2024-06-19:03,1718766000,77,1.9,223,457.45,90.56,0,0,282.5,100.3,63,0,0,27.4,753.29,2024-06-19T03:00:00,2024-06-19T08:00:00,SW,70,d,994,0,88,53,14.9,0,11.4,southwest,Scattered clouds,802,c02d,Hyderabad,Pakistan,68.3578,25.396
905.4493,996,2024-06-19:06,1718776800,76.2,10,221,976.8,122.49,0,0,283,111.3,45,0,0,28.7,918.44,2024-06-19T06:00:00,2024-06-19T11:00:00,SW,52,d,994,0,96.8,0,14.9,0,11.7,southwest,Scattered clouds,802,c02d,Hyderabad,Pakistan,68.3578,25.396
920.0674,984.3,2024-06-19:09,1718787600,65.9,9.7,218,969.2,122.13,0,0,280.5,116.1,0,0,0,16.4,916.81,2024-06-19T09:00:00,2024-06-19T14:00:00,SW,25,d,983,0,109.6,1,14.9,5,18.9,southwest,Few clouds,801,c02d,Hyderabad,Pakistan,68.3578,25.396
417.27014,983.3,2024-06-19:12,1718798400,67.1,2.8,210,440.57,89.17,0,0,281.3,114.1,0,0,0,19,744.82,2024-06-19T12:00:00,2024-06-19T17:00:00,SSW,28,d,982,0,107.2,0,14.9,0,21.3,south-southwest,Clear Sky,800,c01d,Hyderabad,Pakistan,68.3578,25.396
0,985.3,2024-06-19:15,1718809200,71.6,0,212,0,0,0,0,283.8,100,0,0,0,28.4,0,2024-06-19T15:00:00,2024-06-19T20:00:00,SSW,51,n,984,0,92.4,1,14.9,5,22.2,south-southwest,Few clouds,801,c02n,Hyderabad,Pakistan,68.3578,25.396
0,1009,2024-06-14:18,1718388000,43.8,0,24,0,0,0,0,306,62.7,0,0,0,13.1,0,2024-06-14T18:00:00,2024-06-14T23:00:00,NNE,50,n,775,0,62.7,0,14.9,2,7.5,north-northeast,Clear Sky,800,c01n,Tāl,Pakistan,72.4258,35.2227
0,1008,2024-06-14:21,1718398800,42.7,0,24,0,0,0,0,304.8,61.5,0,0,0,13.3,0,2024-06-14T21:00:00,2024-06-15T02:00:00,NNE,50,n,774,0,61.5,0,14.9,0,7.8,north-northeast,Clear Sky,800,c01n,Tāl,Pakistan,72.4258,35.2227
2.3100002,1008.5,2024-06-15:00,1718409600,40.7,0,22,0.16,2.15,0,0,305.5,61.1,0,0,0,13.8,0.59,2024-06-15T00:00:00,2024-06-15T05:00:00,NNE,47,n,774,0,61.1,0,14.9,0,8,north-northeast,Clear Sky,800,c01n,Tāl,Pakistan,72.4258,35.2227
547.46,1010,2024-06-15:03,1718420400,47.8,3.6,128,547.46,95.08,0,0,304.8,66.9,25,38,0,10.4,802.73,2024-06-15T03:00:00,2024-06-15T08:00:00,SE,48,d,775.5,0,68.2,0,14.9,0,4,southeast,Scattered clouds,802,c02d,Tāl,Pakistan,72.4258,35.2227
958.0365,1009,2024-06-15:06,1718431200,51.3,10.1,213,988.22,119.82,0,0,299.8,73.1,0,0,0,12.5,928.47,2024-06-15T06:00:00,2024-06-15T11:00:00,SSW,45,d,775,0,73.9,0,14.9,0,6.9,south-southwest,Clear Sky,800,c01d,Tāl,Pakistan,72.4258,35.2227
201.66463,1007,2024-06-15:09,1718442000,48,3,231,930.9,117.12,0,0,299.5,76.1,22,80,0,11.9,916.21,2024-06-15T09:00:00,2024-06-15T14:00:00,SW,36,d,774,0,77,96,13.3,100,6.4,southwest,Overcast clouds,804,c04d,Tāl,Pakistan,72.4258,35.2227
407.89844,1007,2024-06-15:12,1718452800,49.2,2,278,418.51,85.22,0,0,300.3,73.5,0,0,0,8.4,743,2024-06-15T12:00:00,2024-06-15T17:00:00,W,41,d,774,0,74.5,35,14.9,100,3.9,west,Overcast clouds,804,c04d,Tāl,Pakistan,72.4258,35.2227
0,1008,2024-06-15:15,1718463600,49.8,0,15,0,0,0,0,298.3,65.9,0,6,0,10.8,0,2024-06-15T15:00:00,2024-06-15T20:00:00,NNE,54,n,774.5,0,67,27,14.9,67,6.4,north-northeast,Scattered clouds,802,c02n,Tāl,Pakistan,72.4258,35.2227
0,1008.5,2024-06-15:18,1718474400,44.7,0,19,0,0,0,0,298,64.8,0,0,0,13.4,0,2024-06-15T18:00:00,2024-06-15T23:00:00,NNE,48,n,775,0,64.8,0,14.9,13,7.6,north-northeast,Few clouds,801,c02n,Tāl,Pakistan,72.4258,35.2227
0,1008.5,2024-06-15:21,1718485200,43.7,0,22,0,0,0,0,295.3,63.7,0,0,0,13.9,0,2024-06-15T21:00:00,2024-06-16T02:00:00,NNE,48,n,774.5,0,63.7,0,14.9,5,8.1,north-northeast,Clear Sky,800,c01n,Tāl,Pakistan,72.4258,35.2227
2.15,1009,2024-06-16:00,1718496000,42.5,0,21,0.14,2.01,0,0,296.3,63,0,0,0,14.3,0.47,2024-06-16T00:00:00,2024-06-16T05:00:00,NNE,47,n,775,0,63,0,14.9,7,8.4,north-northeast,Few clouds,801,c02n,Tāl,Pakistan,72.4258,35.2227
546.92,1010,2024-06-16:03,1718506800,48.1,3.6,18,546.92,95.03,0,0,294.3,69.9,0,0,0,11.5,802.42,2024-06-16T03:00:00,2024-06-16T08:00:00,NNE,44,d,776,0,71.1,0,14.9,0,3.3,north-northeast,Clear Sky,800,c01d,Tāl,Pakistan,72.4258,35.2227
957.0719,1009,2024-06-16:06,1718517600,52.1,10.1,218,987.95,119.8,0,0,292.3,77,5,0,0,12.7,928.29,2024-06-16T06:00:00,2024-06-16T11:00:00,SW,41,d,776,0,77.6,0,14.9,0,7,southwest,Clear Sky,800,c01d,Tāl,Pakistan,72.4258,35.2227
930.4858,1007.5,2024-06-16:09,1718528400,47.5,8.2,238,931.3,117.13,0,0,292.5,79.3,0,38,0,10.8,916.17,2024-06-16T09:00:00,2024-06-16T14:00:00,WSW,32,d,775.5,0,80,13,14.9,73,5.4,west-southwest,Overcast clouds,804,c04d,Tāl,Pakistan,72.4258,35.2227
406.73233,1006.5,2024-06-16:12,1718539200,50.9,2.7,282,419.46,85.29,0,0,290,77.2,0,0,0,8.6,743.42,2024-06-16T12:00:00,2024-06-16T17:00:00,WNW,39,d,774.5,0,77.8,0,14.9,0,4.7,west-northwest,Clear Sky,800,c01d,Tāl,Pakistan,72.4258,35.2227
0,1008.5,2024-06-16:15,1718550000,49.3,0,8,0,0,0,0,292.3,68.2,0,0,0,16.2,0,2024-06-16T15:00:00,2024-06-16T20:00:00,N,49,n,775.5,0,69.3,47,14.9,100,7.2,north,Overcast clouds,804,c04n,Tāl,Pakistan,72.4258,35.2227
0,1008.5,2024-06-16:18,1718560800,44.1,0,21,0,0,0,0,290.5,66.5,0,0,0,13.7,0,2024-06-16T18:00:00,2024-06-16T23:00:00,NNE,42,n,775.5,0,68,49,14.9,100,7.9,north-northeast,Overcast clouds,804,c04n,Tāl,Pakistan,72.4258,35.2227
0,1008,2024-06-16:21,1718571600,42.6,0,22,0,0,0,0,293.8,65.4,0,0,0,14.8,0,2024-06-16T21:00:00,2024-06-17T02:00:00,NNE,41,n,774.5,0,67.1,33,10.8,99,8.7,north-northeast,Overcast clouds,804,c04n,Tāl,Pakistan,72.4258,35.2227
1.9340266,1008.5,2024-06-17:00,1718582400,42.4,0,17,0.12,1.83,0,0,296.5,64.4,0,0,0,14.3,0.33,2024-06-17T00:00:00,2024-06-17T05:00:00,NNE,42,n,775,0,66.1,57,14.9,100,8.2,north-northeast,Overcast clouds,804,c04n,Tāl,Pakistan,72.4258,35.2227
546.34,1009.5,2024-06-17:03,1718593200,48.7,3.6,6,546.34,94.98,0,0,297,71.4,0,38,0,14.3,802.09,2024-06-17T03:00:00,2024-06-17T08:00:00,N,43,d,776,0,72.5,0,14.9,11,6.3,north,Few clouds,801,c02d,Tāl,Pakistan,72.4258,35.2227
987.66,1009,2024-06-17:06,1718604000,50.4,10.1,243,987.66,119.77,0.001,15,296,77.3,30,4,0,6.7,928.12,2024-06-17T06:00:00,2024-06-17T11:00:00,WSW,38,d,776,0,78,0,14.9,52,2.2,west-southwest,Scattered clouds,802,c02d,Tāl,Pakistan,72.4258,35.2227
884.3051,1009.5,2024-06-17:09,1718614800,54.1,7.1,305,931.68,117.13,0.002,15,297.8,73.9,4,0,0,9,916.14,2024-06-17T09:00:00,2024-06-17T14:00:00,NW,49,d,776,0,74.5,31,11,100,3.9,northwest,Overcast clouds,804,c04d,Tāl,Pakistan,72.4258,35.2227
406.83453,1008,2024-06-17:12,1718625600,52.4,2.6,314,420.36,85.36,0.001,15,294.5,72.6,0,4,0,6.6,743.82,2024-06-17T12:00:00,2024-06-17T17:00:00,NW,48,d,775,0,73.3,0,14.9,11,3,northwest,Few clouds,801,c02d,Tāl,Pakistan,72.4258,35.2227
0,1008.5,2024-06-17:15,1718636400,50,0,18,0,0,0,0,292,66.7,0,4,0,10.4,0,2024-06-17T15:00:00,2024-06-17T20:00:00,NNE,53,n,775,0,67.8,0,10.4,10,6.1,north-northeast,Few clouds,801,c02n,Tāl,Pakistan,72.4258,35.2227
0,1009,2024-06-17:18,1718647200,46.2,0,21,0,0,0,0,295,64.5,0,4,0,13.9,0,2024-06-17T18:00:00,2024-06-17T23:00:00,NNE,49,n,775,0,65.9,26,14.9,81,8,north-northeast,Overcast clouds,804,c04n,Tāl,Pakistan,72.4258,35.2227
0,1007.5,2024-06-17:21,1718658000,43.6,0,24,0,0,0,0,291.8,63.8,0,5,0,14.5,0,2024-06-17T21:00:00,2024-06-18T02:00:00,NNE,45,n,774,0,65.5,60,12.3,100,7.6,north-northeast,Overcast clouds,804,c04n,Tāl,Pakistan,72.4258,35.2227
1.6891694,1008,2024-06-18:00,1718668800,41.6,0,17,0.09,1.6,0,0,295.8,64,0,34,0,13.2,0.21,2024-06-18T00:00:00,2024-06-18T05:00:00,NNE,44,n,774,0,64,26,14.9,68,7.7,north-northeast,Overcast clouds,804,c04n,Tāl,Pakistan,72.4258,35.2227
545.7,1009,2024-06-18:03,1718679600,47.7,3.6,63,545.7,94.93,0,0,297.8,70.2,0,0,0,9.6,801.74,2024-06-18T03:00:00,2024-06-18T08:00:00,ENE,43,d,775,0,71.3,0,14.9,0,2.3,east-northeast,Clear Sky,800,c01d,Tāl,Pakistan,72.4258,35.2227
957.46246,1007,2024-06-18:06,1718690400,50.8,10.1,202,987.34,119.75,0,0,295.8,77.1,0,26,0,12.2,927.94,2024-06-18T06:00:00,2024-06-18T11:00:00,SSW,39,d,774.5,0,77.8,0,14.9,0,6,south-southwest,Few clouds,801,c02d,Tāl,Pakistan,72.4258,35.2227
932.03,1004,2024-06-18:09,1718701200,46.7,9,237,932.03,117.14,0.002,15,293.8,79.8,0,39,0,14.2,916.11,2024-06-18T09:00:00,2024-06-18T14:00:00,WSW,30,d,772.5,0,81.1,0,14.9,0,7.6,west-southwest,Few clouds,801,c02d,Tāl,Pakistan,72.4258,35.2227
414.88657,1004,2024-06-18:12,1718712000,49.4,2.1,346,421.21,85.43,0.014,25,291,74.5,0,0,0,11.9,744.19,2024-06-18T12:00:00,2024-06-18T17:00:00,NNW,40,d,772,0,75.4,30,14.9,100,6.4,north-northwest,Overcast clouds,804,c04d,Tāl,Pakistan,72.4258,35.2227
0,1004.5,2024-06-18:15,1718722800,49.2,0,9,0,0,0,0,293.3,66.9,0,0,0,10.5,0,2024-06-18T15:00:00,2024-06-18T20:00:00,N,51,n,772,0,68,0,14.9,0,6.2,north,Clear Sky,800,c01n,Tāl,Pakistan,72.4258,35.2227
0,1005,2024-06-18:18,1718733600,42.8,0,21,0,0,0.001,15,296.3,64.9,0,9,0,13.3,0,2024-06-18T18:00:00,2024-06-18T23:00:00,NNE,42,n,772.5,0,66.6,0,14.9,0,7.6,north-northeast,Few clouds,801,c02n,Tāl,Pakistan,72.4258,35.2227
0,1005.5,2024-06-18:21,1718744400,42,0,10,0,0,0.012,25,296.3,65,0,44,0,22.2,0,2024-06-18T21:00:00,2024-06-19T02:00:00,N,43,n,772,0,65,34,14.9,100,8.1,north,Overcast clouds,804,c04n,Tāl,Pakistan,72.4258,35.2227
1.3945282,1004.5,2024-06-19:00,1718755200,39.3,0,19,0.06,1.34,0,0,296.5,64,0,72,0,18.9,0.1,2024-06-19T00:00:00,2024-06-19T05:00:00,NNE,40,n,771,0,64,51,13.6,0,10.3,north-northeast,Scattered clouds,802,c02n,Tāl,Pakistan,72.4258,35.2227
526.74243,1005.5,2024-06-19:03,1718766000,46.3,2.7,342,545.02,94.87,0.022,35,296.3,65.2,0,11,0,7.5,801.39,2024-06-19T03:00:00,2024-06-19T08:00:00,NNW,48,d,772,0,66.5,38,14.9,100,2.4,north-northwest,Light shower rain,520,r04d,Tāl,Pakistan,72.4258,35.2227
863.2917,1004.5,2024-06-19:06,1718776800,48.8,6.2,239,987,119.72,0,0,295.3,71.5,25,76,0,9.4,927.77,2024-06-19T06:00:00,2024-06-19T11:00:00,WSW,43,d,772,0,72.6,56,13.4,22,2.2,west-southwest,Overcast clouds,804,c04d,Tāl,Pakistan,72.4258,35.2227
787.1973,1004.4,2024-06-19:09,1718787600,41.4,5.3,201,932.35,117.14,0.004,10,296.5,67.8,0,60,0,10.3,916.08,2024-06-19T09:00:00,2024-06-19T14:00:00,SSW,36,d,709,0,69.5,60,14.9,0,10.5,south-southwest,Broken clouds,803,c03d,Tāl,Pakistan,72.4258,35.2227
283.2012,1006.5,2024-06-19:12,1718798400,40.9,1.3,248,422.01,85.49,0.012,25,293.5,63.3,1,74,0,9.9,744.54,2024-06-19T12:00:00,2024-06-19T17:00:00,WSW,41,d,708.5,0,65.2,74,14.9,70,4,west-southwest,Overcast clouds,804,c04d,Tāl,Pakistan,72.4258,35.2227
0,1020.5,2024-06-19:15,1718809200,46.3,0,66,0,0,0.071,65,296.3,49.7,5,80,0,10.3,0,2024-06-19T15:00:00,2024-06-19T20:00:00,ENE,88,n,711,0,49.7,80,14.2,100,8.6,east-northeast,Light shower rain,520,r04n,Tāl,Pakistan,72.4258,35.2227
0,1015,2024-06-14:18,1718388000,32.4,0,213,0,0,0,0,298.3,45.9,0,88,0,11.8,0,2024-06-14T18:00:00,2024-06-14T23:00:00,SSW,59,n,656.5,0,45.9,48,14.9,89,7.7,south-southwest,Overcast clouds,804,c04n,Skārdu,Pakistan,75.551,35.3247
0,1015,2024-06-14:21,1718398800,31.1,0,208,0,0,0,0,298.3,39.9,0,0,0,10.3,0,2024-06-14T21:00:00,2024-06-15T02:00:00,SSW,61,n,656,0,43.7,0,14.9,0,6.4,south-southwest,Clear Sky,800,c01n,Skārdu,Pakistan,75.551,35.3247
38.620003,1015.5,2024-06-15:00,1718409600,29.7,1.5,200,18.33,20.29,0,0,298,40.5,0,0,0,7.7,160.03,2024-06-15T00:00:00,2024-06-15T05:00:00,SSW,60,d,656.5,0,42.6,0,14.9,0,3.8,south-southwest,Clear Sky,800,c01d,Skārdu,Pakistan,75.551,35.3247
596.91,1017,2024-06-15:03,1718420400,31.1,4.1,41,596.91,94.83,0,0,294.8,49.4,0,0,0,8.2,834.69,2024-06-15T03:00:00,2024-06-15T08:00:00,NE,49,d,657.5,0,49.4,0,14.9,0,3.3,northeast,Clear Sky,800,c01d,Skārdu,Pakistan,75.551,35.3247
909.9889,1014,2024-06-15:06,1718431200,31.3,6.7,8,1008.21,116.06,0,15,293.5,57.3,6,80,0,11.8,943.14,2024-06-15T06:00:00,2024-06-15T11:00:00,N,37,d,657,0,57.3,52,14.9,0,5.6,north,Overcast clouds,804,c04d,Skārdu,Pakistan,75.551,35.3247
908.7545,1011,2024-06-15:09,1718442000,27.6,7.3,318,912.83,111.78,0,0,291.8,61.9,6,31,0,10.3,923.23,2024-06-15T09:00:00,2024-06-15T14:00:00,NW,27,d,656,0,61.9,21,14.9,63,4.9,northwest,Overcast clouds,804,c04d,Skārdu,Pakistan,75.551,35.3247
362.09854,1011,2024-06-15:12,1718452800,27.2,1.7,293,381.58,79.21,0,0,292.3,59.4,0,7,0,10.1,736.78,2024-06-15T12:00:00,2024-06-15T17:00:00,WNW,29,d,656,0,59.4,43,14.9,100,5.2,west-northwest,Overcast clouds,804,c04d,Skārdu,Pakistan,75.551,35.3247
0,1013.5,2024-06-15:15,1718463600,31.1,0,225,0,0,0,0,293.3,52.3,0,0,0,10.6,0,2024-06-15T15:00:00,2024-06-15T20:00:00,SW,44,n,657,0,52.3,0,14.9,9,6.9,southwest,Few clouds,801,c02n,Skārdu,Pakistan,75.551,35.3247
0,1015,2024-06-15:18,1718474400,31.7,0,213,0,0,0,0,292.3,47.9,0,0,0,13.2,0,2024-06-15T18:00:00,2024-06-15T23:00:00,SSW,53,n,657,0,47.9,0,14.9,5,8,south-southwest,Clear Sky,800,c01n,Skārdu,Pakistan,75.551,35.3247
0,1015.5,2024-06-15:21,1718485200,31.5,0,213,0,0,0,0,292,45.9,0,0,0,11.1,0,2024-06-15T21:00:00,2024-06-16T02:00:00,SSW,57,n,657,0,45.9,0,14.9,3,6.4,south-southwest,Clear Sky,800,c01n,Skārdu,Pakistan,75.551,35.3247
38.35,1016.5,2024-06-16:00,1718496000,30.3,1.5,202,18.16,20.19,0,0,290.5,42.7,0,0,0,7.6,158.92,2024-06-16T00:00:00,2024-06-16T05:00:00,SSW,56,d,657.5,0,45,0,14.9,0,4.4,south-southwest,Clear Sky,800,c01d,Skārdu,Pakistan,75.551,35.3247
596.38,1018,2024-06-16:03,1718506800,31.9,4.1,30,596.38,94.79,0,15,290,51.5,0,0,0,7.7,834.39,2024-06-16T03:00:00,2024-06-16T08:00:00,NNE,47,d,658.5,0,51.5,0,14.9,0,3.1,north-northeast,Clear Sky,800,c01d,Skārdu,Pakistan,75.551,35.3247
1007.99,1015.5,2024-06-16:06,1718517600,34.1,10.5,13,1007.99,116.03,0,0,287,59.7,0,0,0,11.6,942.96,2024-06-16T06:00:00,2024-06-16T11:00:00,NNE,38,d,658.5,0,59.7,0,14.9,0,6.2,north-northeast,Clear Sky,800,c01d,Skārdu,Pakistan,75.551,35.3247
913.29,1012.5,2024-06-16:09,1718528400,33,8.6,324,913.29,111.79,0.003,15,286,64.3,36,29,0,12,923.21,2024-06-16T09:00:00,2024-06-16T14:00:00,NW,31,d,657.5,0,64.3,0,14.9,13,4.9,northwest,Scattered clouds,802,c02d,Skārdu,Pakistan,75.551,35.3247
379.0294,1010.5,2024-06-16:12,1718539200,28.6,2,303,382.56,79.28,0,0,285.8,63,0,34,0,8.9,737.26,2024-06-16T12:00:00,2024-06-16T17:00:00,WNW,27,d,657,0,63,26,14.9,81,3.8,west-northwest,Overcast clouds,804,c04d,Skārdu,Pakistan,75.551,35.3247
0,1013,2024-06-16:15,1718550000,30.6,0,223,0,0,0,0,286,55.7,0,0,0,13.6,0,2024-06-16T15:00:00,2024-06-16T20:00:00,SW,38,n,657.5,0,55.7,0,14.9,0,8.8,southwest,Clear Sky,800,c01n,Skārdu,Pakistan,75.551,35.3247
0,1015.5,2024-06-16:18,1718560800,34.3,0,213,0,0,0,0,285.8,50.8,0,0,0,15,0,2024-06-16T18:00:00,2024-06-16T23:00:00,SSW,53,n,658,0,50.8,0,14.9,6,9.2,south-southwest,Clear Sky,800,c01n,Skārdu,Pakistan,75.551,35.3247
0,1015.5,2024-06-16:21,1718571600,33.1,0,208,0,0,0,0,285.8,48.5,0,0,0,11.9,0,2024-06-16T21:00:00,2024-06-17T02:00:00,SSW,55,n,657.5,0,48.5,18,14.9,61,6.8,south-southwest,Scattered clouds,802,c02n,Skārdu,Pakistan,75.551,35.3247
37.418373,1016.5,2024-06-17:00,1718582400,32.6,1.1,205,17.94,20.08,0,0,287.8,47,0,0,0,9.7,157.5,2024-06-17T00:00:00,2024-06-17T05:00:00,SSW,57,d,658,0,47,38,14.9,83,5.8,south-southwest,Overcast clouds,804,c04d,Skārdu,Pakistan,75.551,35.3247
595.8,1017,2024-06-17:03,1718593200,32.8,4.1,66,595.8,94.74,0,0,289.8,54.2,0,5,0,8.5,834.08,2024-06-17T03:00:00,2024-06-17T08:00:00,ENE,44,d,658.5,0,54.2,0,14.9,4,3.1,east-northeast,Few clouds,801,c02d,Skārdu,Pakistan,75.551,35.3247
1007.74,1014.5,2024-06-17:06,1718604000,31.2,10.4,338,1007.74,116.01,0.002,15,290,61.3,14,0,0,9.6,942.8,2024-06-17T06:00:00,2024-06-17T11:00:00,NNW,32,d,658.5,0,61.3,0,14.9,43,2.3,north-northwest,Scattered clouds,802,c02d,Skārdu,Pakistan,75.551,35.3247
835.8171,1012.5,2024-06-17:09,1718614800,27.4,5.6,248,913.72,111.8,0,0,289.5,63.8,0,0,0,11.8,923.19,2024-06-17T09:00:00,2024-06-17T14:00:00,WSW,25,d,657.5,0,63.8,50,14.9,100,4.7,west-southwest,Overcast clouds,804,c04d,Skārdu,Pakistan,75.551,35.3247
350.78488,1013.5,2024-06-17:12,1718625600,35.2,1.6,221,383.48,79.35,0,0,290,57.5,0,3,0,13,737.71,2024-06-17T12:00:00,2024-06-17T17:00:00,SW,43,d,657.5,0,57.5,50,14.9,100,7.2,southwest,Overcast clouds,804,c04d,Skārdu,Pakistan,75.551,35.3247
0,1015,2024-06-17:15,1718636400,35.9,0,222,0,0,0,0,287.5,52.5,0,0,0,11.4,0,2024-06-17T15:00:00,2024-06-17T20:00:00,SW,53,n,658,0,52.5,17,14.9,75,6.2,southwest,Scattered clouds,802,c02n,Skārdu,Pakistan,75.551,35.3247
0,1016,2024-06-17:18,1718647200,35.7,0,215,0,0,0,0,288.8,48.5,0,0,0,10.8,0,2024-06-17T18:00:00,2024-06-17T23:00:00,SW,61,n,658,0,48.5,0,5.3,0,6.6,southwest,Clear Sky,800,c01n,Skārdu,Pakistan,75.551,35.3247
0,1016,2024-06-17:21,1718658000,33.9,0,221,0,0,0,0,289.5,46.2,8,0,0,8.4,0,2024-06-17T21:00:00,2024-06-18T02:00:00,SW,62,n,657.5,0,46.2,0,14.9,16,4.5,southwest,Few clouds,801,c02n,Skārdu,Pakistan,75.551,35.3247
37.55313,1016.5,2024-06-18:00,1718668800,32.6,1.3,187,17.68,19.94,0,0,290.5,45.2,16,31,0,9.4,155.78,2024-06-18T00:00:00,2024-06-18T05:00:00,S,61,d,657.5,0,45.2,20,14.9,62,5,south,Overcast clouds,804,c04d,Skārdu,Pakistan,75.551,35.3247
595.18,1018,2024-06-18:03,1718679600,34.9,4.1,42,595.18,94.7,0,0,289.8,50.5,43,18,0,8,833.76,2024-06-18T03:00:00,2024-06-18T08:00:00,NE,55,d,658,0,50.5,0,14.9,6,2.8,northeast,Scattered clouds,802,c02d,Skārdu,Pakistan,75.551,35.3247
1007.47,1015.5,2024-06-18:06,1718690400,39.3,10.4,359,1007.47,115.99,0.014,25,292.3,55.6,42,27,0,17,942.63,2024-06-18T06:00:00,2024-06-18T11:00:00,NNW,54,d,657.5,0,55.6,0,14.9,11,5.2,north-northwest,Scattered clouds,802,c02d,Skārdu,Pakistan,75.551,35.3247
871.0287,1011.5,2024-06-18:09,1718701200,38.2,6.1,356,914.11,111.81,0.012,25,289.8,60.1,42,36,0,18.3,923.17,2024-06-18T09:00:00,2024-06-18T14:00:00,NNW,44,d,656,0,60.1,42,6.9,100,4.5,north-northwest,Overcast clouds,804,c04d,Skārdu,Pakistan,75.551,35.3247
371.46057,1010,2024-06-18:12,1718712000,35.2,1.8,263,384.35,79.42,0.009,20,290,57.5,27,39,0,11.5,738.13,2024-06-18T12:00:00,2024-06-18T17:00:00,W,43,d,655,0,57.5,38,5.5,100,4.2,west,Overcast clouds,804,c04d,Skārdu,Pakistan,75.551,35.3247
0,1011,2024-06-18:15,1718722800,34.4,0,224,0,0,0.004,10,290.3,52,0,12,0,10.2,0,2024-06-18T15:00:00,2024-06-18T20:00:00,SW,51,n,655.5,0,52,45,14.9,100,6.4,southwest,Overcast clouds,804,c04n,Skārdu,Pakistan,75.551,35.3247
0,1012.5,2024-06-18:18,1718733600,33.7,0,210,0,0,0,0,290.8,48.2,0,0,0,10.7,0,2024-06-18T18:00:00,2024-06-18T23:00:00,SSW,57,n,655.5,0,48.2,0,14.9,0,6.3,south-southwest,Clear Sky,800,c01n,Skārdu,Pakistan,75.551,35.3247
0,1012,2024-06-18:21,1718744400,33.5,0,206,0,0,0,0,287.8,45.7,22,21,0,9.6,0,2024-06-18T21:00:00,2024-06-19T02:00:00,SSW,62,n,654.5,0,45.7,0,14.9,0,5.3,south-southwest,Few clouds,801,c02n,Skārdu,Pakistan,75.551,35.3247
36.943638,1013,2024-06-19:00,1718755200,33,1.2,180,17.38,19.77,0,0,288.5,45.6,39,35,0,7.2,153.76,2024-06-19T00:00:00,2024-06-19T05:00:00,S,66,d,654.5,0,43.6,28,14.9,100,1.1,south,Overcast clouds,804,c04d,Skārdu,Pakistan,75.551,35.3247
559.0744,1014.5,2024-06-19:03,1718766000,36.2,2.8,32,594.5,94.65,0,0,286.3,46.9,45,40,0,8.9,833.43,2024-06-19T03:00:00,2024-06-19T08:00:00,NNE,66,d,655,0,46.9,45,14.9,100,3,north-northeast,Overcast clouds,804,c04d,Skārdu,Pakistan,75.551,35.3247
895.6252,1011.5,2024-06-19:06,1718776800,38.6,6.6,22,1007.18,115.97,0.005,10,285.8,53.4,53,100,0,16.5,942.46,2024-06-19T06:00:00,2024-06-19T11:00:00,NNE,57,d,654.5,0,53.4,54,14.9,100,4.3,north-northeast,Overcast clouds,804,c04d,Skārdu,Pakistan,75.551,35.3247
122.507545,822.3,2024-06-19:09,1718787600,29.6,2.7,182,914.49,111.82,0.003,10,288.5,53.3,0,99,0,10.6,923.14,2024-06-19T09:00:00,2024-06-19T14:00:00,S,40,d,634.5,0,53.3,99,14.9,92,4.2,south,Overcast clouds,804,c04d,Skārdu,Pakistan,75.551,35.3247
80.75891,823.5,2024-06-19:12,1718798400,33,0.8,325,385.16,79.48,0.006,15,291,50.5,0,96,0,7,738.53,2024-06-19T12:00:00,2024-06-19T17:00:00,NW,51,d,634.5,0,50.5,96,14.9,63,1.2,northwest,Overcast clouds,804,c04d,Skārdu,Pakistan,75.551,35.3247
0,827.3,2024-06-19:15,1718809200,35,0,339,0,0,0.009,20,296,42.4,1,18,0,2.9,0,2024-06-19T15:00:00,2024-06-19T20:00:00,NNW,69,n,635.5,0,44.5,22,14.9,90,4.1,north-northwest,Scattered clouds,802,c02n,Skārdu,Pakistan,75.551,35.3247
0,997.5,2024-06-14:18,1718388000,67.8,0,109,0,0,0,0,299.5,95.6,0,0,0,5.5,0,2024-06-14T18:00:00,2024-06-14T23:00:00,ESE,46,n,972.5,0,91.5,38,14.9,92,2.8,east-southeast,Overcast clouds,804,c04n,Miānwāli,Pakistan,71.537,32.5839
0,996.5,2024-06-14:21,1718398800,69.5,0,87,0,0,0,0,299,95.3,0,0,0,3.8,0,2024-06-14T21:00:00,2024-06-15T02:00:00,E,51,n,973,0,90.1,0,14.9,0,2.2,east,Clear Sky,800,c01n,Miānwāli,Pakistan,71.537,32.5839
0,997,2024-06-15:00,1718409600,72.6,0,25,0,0,0,0,297.5,96.4,0,0,0,2.1,0,2024-06-15T00:00:00,2024-06-15T05:00:00,NNE,59,n,973.5,0,88.8,0,14.9,0,1.3,north-northeast,Clear Sky,800,c01n,Miānwāli,Pakistan,71.537,32.5839
494.90878,999,2024-06-15:03,1718420400,72.6,3.5,12,528.99,95.63,0,0,297,104.7,0,0,0,6.3,788.13,2024-06-15T03:00:00,2024-06-15T08:00:00,NNE,48,d,975.5,0,95.4,0,14.9,0,3,north-northeast,Clear Sky,800,c01d,Miānwāli,Pakistan,71.537,32.5839
940.1216,998,2024-06-15:06,1718431200,64.5,10.1,74,987.46,122.34,0,0,298.3,112.9,0,0,0,8.7,922.68,2024-06-15T06:00:00,2024-06-15T11:00:00,ENE,25,d,975,0,107.9,0,14.9,0,3.6,east-northeast,Clear Sky,800,c01d,Miānwāli,Pakistan,71.537,32.5839
896.70776,995.5,2024-06-15:09,1718442000,61.7,9.1,123,938.34,119.97,0,0,297.3,115.9,0,2,0,12.2,912.08,2024-06-15T09:00:00,2024-06-15T14:00:00,ESE,20,d,971.5,0,112.3,0,14.9,0,5,east-southeast,Clear Sky,800,c01d,Miānwāli,Pakistan,71.537,32.5839
402.7053,995,2024-06-15:12,1718452800,58.4,2.6,152,418.92,86.9,0,0,297,111.2,0,27,0,15.3,735.79,2024-06-15T12:00:00,2024-06-15T17:00:00,SSE,19,d,970.5,0,110,0,14.9,0,6.9,south-southeast,Few clouds,801,c02d,Miānwāli,Pakistan,71.537,32.5839
0,996,2024-06-15:15,1718463600,63.1,0,133,0,0,0,0,298.8,105.3,0,0,0,6.1,0,2024-06-15T15:00:00,2024-06-15T20:00:00,SE,28,n,972.5,0,102.4,0,14.9,0,1.9,southeast,Clear Sky,800,c01n,Miānwāli,Pakistan,71.537,32.5839
0,996.5,2024-06-15:18,1718474400,64.9,0,136,0,0,0,0,295.8,97.9,0,0,0,7.9,0,2024-06-15T18:00:00,2024-06-15T23:00:00,SE,37,n,973.5,0,95.3,0,14.9,0,4.4,southeast,Clear Sky,800,c01n,Miānwāli,Pakistan,71.537,32.5839
0,996.5,2024-06-15:21,1718485200,69.9,0,64,0,0,0,0,295.8,96.8,0,0,0,4.3,0,2024-06-15T21:00:00,2024-06-16T02:00:00,ENE,50,n,973,0,91.1,0,14.9,0,2.4,east-northeast,Clear Sky,800,c01n,Miānwāli,Pakistan,71.537,32.5839
0,997.5,2024-06-16:00,1718496000,73,0,111,0,0,0,0,293.8,98,0,0,0,2.1,0,2024-06-16T00:00:00,2024-06-16T05:00:00,ESE,58,n,974,0,89.8,0,14.9,0,1.5,east-southeast,Clear Sky,800,c01n,Miānwāli,Pakistan,71.537,32.5839
494.446,999,2024-06-16:03,1718506800,72.9,3.5,135,528.42,95.58,0,0,294.8,106.5,0,0,0,2.4,787.79,2024-06-16T03:00:00,2024-06-16T08:00:00,SE,47,d,976,0,96.5,0,14.9,0,0.7,southeast,Clear Sky,800,c01d,Miānwāli,Pakistan,71.537,32.5839
937.4251,998.5,2024-06-16:06,1718517600,65.9,10.1,346,987.14,122.31,0,0,293.3,116.2,0,0,0,4.9,922.49,2024-06-16T06:00:00,2024-06-16T11:00:00,NNW,25,d,975,0,109.7,0,14.9,0,1.2,north-northwest,Clear Sky,800,c01d,Miānwāli,Pakistan,71.537,32.5839
898.8129,996,2024-06-16:09,1718528400,61.1,9.2,209,938.7,119.97,0,0,294.8,118.5,0,7,0,12.8,912.04,2024-06-16T09:00:00,2024-06-16T14:00:00,SSW,18,d,971.5,0,115.2,0,14.9,0,5.4,south-southwest,Few clouds,801,c02d,Miānwāli,Pakistan,71.537,32.5839
404.0515,994,2024-06-16:12,1718539200,57,2.7,189,419.86,86.97,0,0,294.5,114.8,0,6,0,13.1,736.21,2024-06-16T12:00:00,2024-06-16T17:00:00,S,16,d,969.5,0,114.2,0,14.9,0,5.4,south,Clear Sky,800,c01d,Miānwāli,Pakistan,71.537,32.5839
0,995,2024-06-16:15,1718550000,60.5,0,141,0,0,0,0,296,106.2,0,28,0,8.4,0,2024-06-16T15:00:00,2024-06-16T20:00:00,SE,24,n,970.5,0,104.6,0,14.9,0,3.6,southeast,Few clouds,801,c02n,Miānwāli,Pakistan,71.537,32.5839
0,995.5,2024-06-16:18,1718560800,64.3,0,78,0,0,0,0,293.3,100.1,0,17,0,5.9,0,2024-06-16T18:00:00,2024-06-16T23:00:00,ENE,34,n,972.5,0,97.4,0,14.9,0,2.4,east-northeast,Few clouds,801,c02n,Miānwāli,Pakistan,71.537,32.5839
0,996,2024-06-16:21,1718571600,69,0,57,0,0,0,0,291.8,95,0,18,0,3.9,0,2024-06-16T21:00:00,2024-06-17T02:00:00,ENE,50,n,971.5,0,90.2,0,14.9,8,2,east-northeast,Few clouds,801,c02n,Miānwāli,Pakistan,71.537,32.5839
0,997,2024-06-17:00,1718582400,72.1,0,53,0,0,0,0,293.3,95.2,0,0,0,4.3,0,2024-06-17T00:00:00,2024-06-17T05:00:00,NE,59,n,972.5,0,88.3,0,14.9,0,1.4,northeast,Clear Sky,800,c01n,Miānwāli,Pakistan,71.537,32.5839
479.2024,998.5,2024-06-17:03,1718593200,69.9,2.6,317,527.8,95.52,0,0,294.8,102.8,0,0,0,7.8,787.44,2024-06-17T03:00:00,2024-06-17T08:00:00,NW,43,d,974,0,96,38,14.9,56,3.1,northwest,Scattered clouds,802,c02d,Miānwāli,Pakistan,71.537,32.5839
939.3864,997.5,2024-06-17:06,1718604000,64.8,10.1,93,986.81,122.28,0,0,294,117.1,0,0,0,6.1,922.31,2024-06-17T06:00:00,2024-06-17T11:00:00,E,23,d,974.5,0,111.3,0,14.9,0,0.2,east,Clear Sky,800,c01d,Miānwāli,Pakistan,71.537,32.5839
901.601,995,2024-06-17:09,1718614800,59.2,9.2,188,939.05,119.98,0,0,295.5,119,0,2,0,14.9,912.01,2024-06-17T09:00:00,2024-06-17T14:00:00,S,16,d,971,0,117,0,14.9,5,5.8,south,Clear Sky,800,c01d,Miānwāli,Pakistan,71.537,32.5839
403.6909,993.5,2024-06-17:12,1718625600,59.7,2.7,66,420.75,87.04,0,0,293.3,113.7,0,10,0,23.4,736.61,2024-06-17T12:00:00,2024-06-17T17:00:00,ENE,19,d,969.5,0,111.6,0,14.9,0,10.9,east-northeast,Few clouds,801,c02d,Miānwāli,Pakistan,71.537,32.5839
0,994,2024-06-17:15,1718636400,59.9,0,87,0,0,0,0,295.3,106.7,0,0,0,9.8,0,2024-06-17T15:00:00,2024-06-17T20:00:00,E,23,n,970.5,0,105.3,0,14.9,0,5.4,east,Clear Sky,800,c01n,Miānwāli,Pakistan,71.537,32.5839
0,994.5,2024-06-17:18,1718647200,63.4,0,94,0,0,0,0,296.3,100.7,0,0,0,7.1,0,2024-06-17T18:00:00,2024-06-17T23:00:00,E,32,n,971.5,0,98.4,0,14.9,0,3.1,east,Clear Sky,800,c01n,Miānwāli,Pakistan,71.537,32.5839
0,995.5,2024-06-17:21,1718658000,69.1,0,62,0,0,0.03,45,295.5,94.3,0,0,0,11.1,0,2024-06-17T21:00:00,2024-06-18T02:00:00,ENE,51,n,972,0,89.6,0,14.9,0,4.9,east-northeast,Clear Sky,800,c01n,Miānwāli,Pakistan,71.537,32.5839
0,996.5,2024-06-18:00,1718668800,67.7,0,19,0,0,0.002,15,296,91,0,59,0,7.2,0,2024-06-18T00:00:00,2024-06-18T05:00:00,NNE,52,n,971.5,0,87.5,51,14.9,100,3.7,north-northeast,Overcast clouds,804,c04n,Miānwāli,Pakistan,71.537,32.5839
493.78412,997.5,2024-06-18:03,1718679600,72.3,3.5,340,527.13,95.47,0,0,297.8,105.8,0,32,0,11.5,787.07,2024-06-18T03:00:00,2024-06-18T08:00:00,NNW,46,d,974,0,96.5,0,14.9,0,5.8,north-northwest,Few clouds,801,c02d,Miānwāli,Pakistan,71.537,32.5839
943.743,996.5,2024-06-18:06,1718690400,61.1,10.1,38,986.46,122.25,0,0,293.3,112.6,0,0,0,19.5,922.13,2024-06-18T06:00:00,2024-06-18T11:00:00,NE,21,d,973,0,109.9,0,14.9,0,9.6,northeast,Clear Sky,800,c01d,Miānwāli,Pakistan,71.537,32.5839
784.33075,993.5,2024-06-18:09,1718701200,59.5,5.6,11,939.39,119.98,0,0,292,115.2,0,45,0,17.1,911.97,2024-06-18T09:00:00,2024-06-18T14:00:00,N,18,d,970.5,0,113.2,56,14.9,100,8.5,north,Overcast clouds,804,c04d,Miānwāli,Pakistan,71.537,32.5839
404.8943,991.5,2024-06-18:12,1718712000,59.6,2.7,48,421.61,87.11,0,0,294.3,113.5,0,0,0,16.2,736.98,2024-06-18T12:00:00,2024-06-18T17:00:00,NE,19,d,967.5,0,111.5,0,14.9,0,6,northeast,Clear Sky,800,c01d,Miānwāli,Pakistan,71.537,32.5839
0,991.5,2024-06-18:15,1718722800,62.2,0,35,0,0,0,0,292.3,106.4,0,0,0,9,0,2024-06-18T15:00:00,2024-06-18T20:00:00,NE,26,n,968.5,0,103.8,0,4,0,2.8,northeast,Clear Sky,800,c01n,Miānwāli,Pakistan,71.537,32.5839
0,992,2024-06-18:18,1718733600,64.7,0,64,0,0,0,0,292,96.5,0,100,0,5.5,0,2024-06-18T18:00:00,2024-06-18T23:00:00,ENE,38,n,967.5,0,94.2,94,14.9,96,2.8,east-northeast,Overcast clouds,804,c04n,Miānwāli,Pakistan,71.537,32.5839
0,993.5,2024-06-18:21,1718744400,63.1,0,222,0,0,0,0,291.8,96.6,0,100,0,24.9,0,2024-06-18T21:00:00,2024-06-19T02:00:00,SW,35,n,970,0,95.1,96,4.8,100,6.8,southwest,Overcast clouds,804,c04n,Miānwāli,Pakistan,71.537,32.5839
0,993.5,2024-06-19:00,1718755200,65.4,0,287,0,0,0.01,20,292.5,91.7,0,66,0,9.7,0,2024-06-19T00:00:00,2024-06-19T05:00:00,WNW,45,n,968.5,0,89.5,100,14.9,100,3.4,west-northwest,Overcast clouds,804,c04n,Miānwāli,Pakistan,71.537,32.5839
494.986,994,2024-06-19:03,1718766000,70.6,3.5,317,526.42,95.41,0,0,295,101.8,0,22,0,10.2,786.69,2024-06-19T03:00:00,2024-06-19T08:00:00,NW,46,d,969.5,0,94.7,0,14.9,0,4.2,northwest,Few clouds,801,c02d,Miānwāli,Pakistan,71.537,32.5839
946.8001,994,2024-06-19:06,1718776800,58.5,10.1,55,986.09,122.23,0,0,294.3,109.3,0,42,0,12.2,921.95,2024-06-19T06:00:00,2024-06-19T11:00:00,NE,20,d,971,0,108.3,0,14.9,0,5.8,northeast,Few clouds,801,c02d,Miānwāli,Pakistan,71.537,32.5839
904.17126,989.7,2024-06-19:09,1718787600,57.6,9.2,83,939.7,119.99,0,0,292,111.6,0,0,0,5,911.94,2024-06-19T09:00:00,2024-06-19T14:00:00,E,18,d,967.5,0,110.9,0,14.9,0,5,east,Clear Sky,800,c01d,Miānwāli,Pakistan,71.537,32.5839
131.3549,987.6,2024-06-19:12,1718798400,53.6,0.9,41,422.41,87.17,0,0,290.3,110.9,1,99,0,2.5,737.34,2024-06-19T12:00:00,2024-06-19T17:00:00,NE,15,d,965.5,0,112.2,99,14.9,45,3.2,northeast,Overcast clouds,804,c04d,Miānwāli,Pakistan,71.537,32.5839
0,989.7,2024-06-19:15,1718809200,59.2,0,353,0,0,0.002,15,293,97.7,0,1,0,10.5,0,2024-06-19T15:00:00,2024-06-19T20:00:00,NNW,28,n,967,0,97.8,1,14.9,0,8.6,north-northwest,Few clouds,801,c02n,Miānwāli,Pakistan,71.537,32.5839
0,997,2024-06-14:18,1718388000,69.3,0,319,0,0,0,0,298.5,95.5,0,0,0,3.7,0,2024-06-14T18:00:00,2024-06-14T23:00:00,NW,50,n,971,0,90.5,0,14.9,0,1.9,northwest,Clear Sky,800,c01n,Mandi Bahāuddīn,Pakistan,73.4828,32.5742
0,996.5,2024-06-14:21,1718398800,71.6,0,32,0,0,0,0,296.8,92.8,0,0,0,1.7,0,2024-06-14T21:00:00,2024-06-15T02:00:00,NNE,61,n,972,0,86.6,0,14.9,0,0.2,north-northeast,Clear Sky,800,c01n,Mandi Bahāuddīn,Pakistan,73.4828,32.5742
0,997.5,2024-06-15:00,1718409600,71.9,0,26,0,0.45,0,0,297,90.2,0,0,0,4.3,0,2024-06-15T00:00:00,2024-06-15T05:00:00,NNE,66,n,971,0,84.5,0,14.9,0,2.3,north-northeast,Clear Sky,800,c01n,Mandi Bahāuddīn,Pakistan,73.4828,32.5742
517.7596,999.5,2024-06-15:03,1718420400,74,3.7,9,555.43,97.53,0,0,300.3,96.3,0,0,0,10,799.01,2024-06-15T03:00:00,2024-06-15T08:00:00,N,64,d,975,0,87.7,0,14.9,0,5.2,north,Clear Sky,800,c01d,Mandi Bahāuddīn,Pakistan,73.4828,32.5742
952.8218,999,2024-06-15:06,1718431200,61.8,10.3,5,996.97,122.77,0,0,296.8,107.1,0,0,0,7.4,924.71,2024-06-15T06:00:00,2024-06-15T11:00:00,N,25,d,973,0,104.7,0,14.9,0,2.7,north,Clear Sky,800,c01d,Mandi Bahāuddīn,Pakistan,73.4828,32.5742
778.3465,996.5,2024-06-15:09,1718442000,58.5,5.5,287,923.88,119.23,0,0,297,111.3,0,30,0,8.7,908.88,2024-06-15T09:00:00,2024-06-15T14:00:00,WNW,19,d,972.5,0,110.1,55,14.9,100,3.9,west-northwest,Overcast clouds,804,c04d,Mandi Bahāuddīn,Pakistan,73.4828,32.5742
377.79266,995,2024-06-15:12,1718452800,56.2,2.5,281,391.65,84.49,0,0,298,109,0,0,0,10.8,720.62,2024-06-15T12:00:00,2024-06-15T17:00:00,W,18,d,969.5,0,109.1,0,14.9,0,3.8,west,Clear Sky,800,c01d,Mandi Bahāuddīn,Pakistan,73.4828,32.5742
0,996,2024-06-15:15,1718463600,68.5,0,230,0,0,0,0,296.8,102.5,0,0,0,10.7,0,2024-06-15T15:00:00,2024-06-15T20:00:00,SW,40,n,972,0,96.8,0,14.9,0,5.5,southwest,Clear Sky,800,c01n,Mandi Bahāuddīn,Pakistan,73.4828,32.5742
0,997,2024-06-15:18,1718474400,70.9,0,272,0,0,0,0,295.5,95.4,0,0,0,9.3,0,2024-06-15T18:00:00,2024-06-15T23:00:00,W,55,n,972.5,0,89.2,0,14.9,0,4.9,west,Clear Sky,800,c01n,Mandi Bahāuddīn,Pakistan,73.4828,32.5742
0,996.5,2024-06-15:21,1718485200,71.4,0,254,0,0,0,0,293,92.3,0,0,0,6.8,0,2024-06-15T21:00:00,2024-06-16T02:00:00,WSW,61,n,972,0,86.4,0,14.9,0,3.8,west-southwest,Clear Sky,800,c01n,Mandi Bahāuddīn,Pakistan,73.4828,32.5742
0,997.5,2024-06-16:00,1718496000,74.5,0,229,0,0.32,0,0,293,94.2,0,0,0,2.3,0,2024-06-16T00:00:00,2024-06-16T05:00:00,SW,69,n,973,0,85.8,0,14.9,0,0.9,southwest,Clear Sky,800,c01n,Mandi Bahāuddīn,Pakistan,73.4828,32.5742
521.19635,999.5,2024-06-16:03,1718506800,70.8,3.7,54,554.85,97.48,0,15,295.3,102,0,0,0,5.6,798.68,2024-06-16T03:00:00,2024-06-16T08:00:00,NE,46,d,973.5,0,94.8,0,14.9,0,2.8,northeast,Clear Sky,800,c01d,Mandi Bahāuddīn,Pakistan,73.4828,32.5742
949.1308,999,2024-06-16:06,1718517600,64.3,10.3,172,996.68,122.74,0,0,295,112.6,0,0,0,4.5,924.52,2024-06-16T06:00:00,2024-06-16T11:00:00,S,25,d,973,0,107.8,0,14.9,0,0.2,south,Clear Sky,800,c01d,Mandi Bahāuddīn,Pakistan,73.4828,32.5742
887.7953,996,2024-06-16:09,1718528400,59.2,8.9,268,924.28,119.24,0,0,293.3,116.9,0,37,0,9.2,908.85,2024-06-16T09:00:00,2024-06-16T14:00:00,W,17,d,972,0,114.9,0,14.9,0,4,west,Few clouds,801,c02d,Mandi Bahāuddīn,Pakistan,73.4828,32.5742
378.9095,994.5,2024-06-16:12,1718539200,56.1,2.5,290,392.6,84.57,0,0,294,113.1,0,5,0,13.4,721.09,2024-06-16T12:00:00,2024-06-16T17:00:00,WNW,16,d,970.5,0,113.1,0,14.9,0,6.8,west-northwest,Clear Sky,800,c01d,Mandi Bahāuddīn,Pakistan,73.4828,32.5742
0,995.5,2024-06-16:15,1718550000,59.9,0,273,0,0,0,0,295.5,100.4,0,0,0,7.3,0,2024-06-16T15:00:00,2024-06-16T20:00:00,W,27,n,971,0,99.8,0,14.9,0,3.4,west,Clear Sky,800,c01n,Mandi Bahāuddīn,Pakistan,73.4828,32.5742
0,996,2024-06-16:18,1718560800,66.2,0,270,0,0,0,0,295.5,98.6,0,2,0,3.8,0,2024-06-16T18:00:00,2024-06-16T23:00:00,W,39,n,970,0,95.1,0,14.9,0,2.1,west,Clear Sky,800,c01n,Mandi Bahāuddīn,Pakistan,73.4828,32.5742
0,996,2024-06-16:21,1718571600,68,0,249,0,0,0,0,293,93,0,29,0,3.6,0,2024-06-16T21:00:00,2024-06-17T02:00:00,WSW,50,n,971.5,0,89.1,0,14.9,0,2.3,west-southwest,Few clouds,801,c02n,Mandi Bahāuddīn,Pakistan,73.4828,32.5742
0,997,2024-06-17:00,1718582400,72.2,0,243,0,0.17,0,0,294,94.8,0,43,0,3.6,0,2024-06-17T00:00:00,2024-06-17T05:00:00,WSW,60,n,971,0,87.8,0,14.9,0,1.8,west-southwest,Few clouds,801,c02n,Mandi Bahāuddīn,Pakistan,73.4828,32.5742
517.95575,998.5,2024-06-17:03,1718593200,72.9,3.7,61,554.23,97.42,0,0,294.5,105.7,0,0,0,4.7,798.34,2024-06-17T03:00:00,2024-06-17T08:00:00,ENE,48,d,972.5,0,95.8,0,14.9,0,2.3,east-northeast,Clear Sky,800,c01d,Mandi Bahāuddīn,Pakistan,73.4828,32.5742
948.7896,998,2024-06-17:06,1718604000,63.8,10.3,70,996.37,122.72,0,0,293.3,113.1,0,0,0,5.9,924.34,2024-06-17T06:00:00,2024-06-17T11:00:00,ENE,24,d,972,0,108.6,0,14.9,0,0.9,east-northeast,Clear Sky,800,c01d,Mandi Bahāuddīn,Pakistan,73.4828,32.5742
801.11395,995.5,2024-06-17:09,1718614800,60.6,5.8,279,924.66,119.25,0,0,294,119.6,0,64,0,9.4,908.82,2024-06-17T09:00:00,2024-06-17T14:00:00,W,17,d,971.5,0,116.6,51,14.9,5,4.1,west,Scattered clouds,802,c02d,Mandi Bahāuddīn,Pakistan,73.4828,32.5742
376.6806,995,2024-06-17:12,1718625600,60.9,2.5,342,393.51,84.64,0.01,20,293,112.2,0,2,0,24.7,721.53,2024-06-17T12:00:00,2024-06-17T17:00:00,NNW,21,d,971,0,109.6,0,14.8,0,7.1,north-northwest,Light shower rain,520,r04d,Mandi Bahāuddīn,Pakistan,73.4828,32.5742
0,995,2024-06-17:15,1718636400,71,0,55,0,0,0,0,296,110.7,0,0,0,2.2,0,2024-06-17T15:00:00,2024-06-17T20:00:00,NE,38,n,971,0,101.4,0,14.9,0,1.7,northeast,Clear Sky,800,c01n,Mandi Bahāuddīn,Pakistan,73.4828,32.5742
0,995.5,2024-06-17:18,1718647200,67.5,0,43,0,0,0,0,294,96.6,0,0,0,5.4,0,2024-06-17T18:00:00,2024-06-17T23:00:00,NE,44,n,971,0,92.6,0,14.9,0,2.5,northeast,Clear Sky,800,c01n,Mandi Bahāuddīn,Pakistan,73.4828,32.5742
0,995.5,2024-06-17:21,1718658000,71.9,0,277,0,0,0,0,293.5,96.2,0,39,0,6.4,0,2024-06-17T21:00:00,2024-06-18T02:00:00,W,57,n,969.5,0,89.2,51,14.9,100,3.8,west,Overcast clouds,804,c04n,Mandi Bahāuddīn,Pakistan,73.4828,32.5742
0,996.5,2024-06-18:00,1718668800,75.6,0,32,0,0.04,0.041,50,296.5,96.4,0,79,0,5.4,0,2024-06-18T00:00:00,2024-06-18T05:00:00,NNE,70,n,970,0,86.5,59,14.9,90,3.2,north-northeast,Overcast clouds,804,c04n,Mandi Bahāuddīn,Pakistan,73.4828,32.5742
345.7725,997.5,2024-06-18:03,1718679600,66.2,1.8,11,553.57,97.37,0,0,296.5,96.7,0,90,0,11.2,797.99,2024-06-18T03:00:00,2024-06-18T08:00:00,N,41,d,971.5,0,93.5,74,14.9,33,5.9,north,Overcast clouds,804,c04d,Mandi Bahāuddīn,Pakistan,73.4828,32.5742
907.0566,996,2024-06-18:06,1718690400,60.2,7.3,28,996.05,122.69,0,0,297.3,110.9,0,60,0,12.3,924.16,2024-06-18T06:00:00,2024-06-18T11:00:00,NNE,21,d,970.5,0,108.8,42,14.9,0,4,north-northeast,Scattered clouds,802,c02d,Mandi Bahāuddīn,Pakistan,73.4828,32.5742
889.86383,992.5,2024-06-18:09,1718701200,58,8.9,297,925.02,119.26,0,0,295.8,116.6,0,0,0,8.5,908.8,2024-06-18T09:00:00,2024-06-18T14:00:00,WNW,16,d,967,0,115.5,0,14.9,0,3.6,west-northwest,Clear Sky,800,c01d,Mandi Bahāuddīn,Pakistan,73.4828,32.5742
348.988,991,2024-06-18:12,1718712000,55.4,1.7,281,394.37,84.71,0.001,15,296.5,111.7,0,27,0,16.4,721.95,2024-06-18T12:00:00,2024-06-18T17:00:00,W,16,d,967.5,0,112.2,49,14.9,95,6.1,west,Overcast clouds,804,c04d,Mandi Bahāuddīn,Pakistan,73.4828,32.5742
0,991.5,2024-06-18:15,1718722800,63.4,0,354,0,0,0,0,297.8,103.1,0,0,0,5.9,0,2024-06-18T15:00:00,2024-06-18T20:00:00,NNW,30,n,967.5,0,100.5,0,14.9,0,2.6,north-northwest,Clear Sky,800,c01n,Mandi Bahāuddīn,Pakistan,73.4828,32.5742
0,992,2024-06-18:18,1718733600,62.5,0,48,0,0,0.001,15,299,94.5,0,0,0,5.8,0,2024-06-18T18:00:00,2024-06-18T23:00:00,NE,36,n,968,0,93.5,40,13.5,62,2.8,northeast,Scattered clouds,802,c02n,Mandi Bahāuddīn,Pakistan,73.4828,32.5742
0,992,2024-06-18:21,1718744400,75,0,112,0,0,0.03,45,295,98.3,0,40,0,5.4,0,2024-06-18T21:00:00,2024-06-19T02:00:00,ESE,65,n,966,0,88.3,55,14.9,100,1.9,east-southeast,Overcast clouds,804,c04n,Mandi Bahāuddīn,Pakistan,73.4828,32.5742
0,993.5,2024-06-19:00,1718755200,68.5,0,300,0,0,0,0,293.8,91.8,0,100,0,12.2,0,2024-06-19T00:00:00,2024-06-19T05:00:00,WNW,53,n,969,0,87.8,98,14.9,100,1.3,west-northwest,Overcast clouds,804,c04n,Mandi Bahāuddīn,Pakistan,73.4828,32.5742
265.95663,994.5,2024-06-19:03,1718766000,71,1.6,76,552.86,97.31,0,0,293.5,94.7,0,100,0,13.9,797.62,2024-06-19T03:00:00,2024-06-19T08:00:00,ENE,56,d,968,0,88.7,82,14.9,100,6.9,east-northeast,Overcast clouds,804,c04d,Mandi Bahāuddīn,Pakistan,73.4828,32.5742
948.73706,995,2024-06-19:06,1718776800,64.2,10.3,92,995.7,122.66,0,0,294.5,103.4,0,0,0,21,923.99,2024-06-19T06:00:00,2024-06-19T11:00:00,E,31,d,969,0,100.3,0,14.9,30,11.2,east,Few clouds,801,c02d,Mandi Bahāuddīn,Pakistan,73.4828,32.5742
895.85126,989.2,2024-06-19:09,1718787600,53,8.9,194,925.36,119.26,0,0,294.5,112.1,0,0,0,10.3,908.78,2024-06-19T09:00:00,2024-06-19T14:00:00,SSW,14,d,966,0,113.7,0,14.9,0,14.3,south-southwest,Clear Sky,800,c01d,Mandi Bahāuddīn,Pakistan,73.4828,32.5742
339.5824,987.8,2024-06-19:12,1718798400,55.4,1.6,210,395.18,84.78,0,0,294,111.7,0,53,0,7,722.34,2024-06-19T12:00:00,2024-06-19T17:00:00,SSW,16,d,964.5,0,112.2,53,14.9,1,6.6,south-southwest,Broken clouds,803,c03d,Mandi Bahāuddīn,Pakistan,73.4828,32.5742
0,988.6,2024-06-19:15,1718809200,58.3,0,285,0,0,0.001,15,293.8,103.7,0,96,0,6.1,0,2024-06-19T15:00:00,2024-06-19T20:00:00,WNW,23,n,965,0,103.4,96,14.9,0,5.6,west-northwest,Overcast clouds,804,c04n,Mandi Bahāuddīn,Pakistan,73.4828,32.5742
